"Response ID","Submitted Date & Time","Age","Gender","Occupation","Monthly Household Income","Q1. Current Situation","Q2. Primary Purpose","Q3. Preferred Vehicle Type","Q4. Factor (Rank 1-8) - Price","Q4. Factor (Rank 1-8) - Safety","Q4. Factor (Rank 1-8) - Fuel Efficiency","Q4. Factor (Rank 1-8) - Reliability","Q4. Factor (Rank 1-8) - After-sales Service","Q4. Factor (Rank 1-8) - Brand Reputation","Q4. Factor (Rank 1-8) - Maintenance Cost","Q4. Factor (Rank 1-8) - Resale Value","Q5. Source (Rank 1-9) - Family members","Q5. Source (Rank 1-9) - Friends/Relatives","Q5. Source (Rank 1-9) - Social media","Q5. Source (Rank 1-9) - YouTube","Q5. Source (Rank 1-9) - Online reviews","Q5. Source (Rank 1-9) - Automobile websites","Q5. Source (Rank 1-9) - Dealer showroom","Q5. Source (Rank 1-9) - Newspaper/Magazine","Q5. Source (Rank 1-9) - Auto exhibitions/events","Q6. Most Likely Automobile Brand","Q7. Challenge (Rank 1-10) - High purchase price","Q7. Challenge (Rank 1-10) - High taxes/import duties","Q7. Challenge (Rank 1-10) - Limited financing options","Q7. Challenge (Rank 1-10) - High maintenance costs","Q7. Challenge (Rank 1-10) - Fuel costs","Q7. Challenge (Rank 1-10) - Availability of spare parts","Q7. Challenge (Rank 1-10) - Limited vehicle availability","Q7. Challenge (Rank 1-10) - Poor after-sales service","Q7. Challenge (Rank 1-10) - Charging infrastructure (for EVs)","Q7. Challenge (Rank 1-10) - Low resale value","# Consider purchasing an Electric Vehicle (EV)","Q8. EV Factor (Rank 1-7) - Lower running costs","Q8. EV Factor (Rank 1-7) - Government incentives","Q8. EV Factor (Rank 1-7) - Better charging infrastructure","Q8. EV Factor (Rank 1-7) - Longer driving range","Q8. EV Factor (Rank 1-7) - Environmental benefits","Q8. EV Factor (Rank 1-7) - Lower purchase price","Q8. EV Factor (Rank 1-7) - Faster charging","Q9. Preferred Brand","Q9. Preferred Model","Q10. Brand Importance","Q11. Brand Attribute (Rank 1-11) - Reliability and durability","Q11. Brand Attribute (Rank 1-11) - Vehicle quality","Q11. Brand Attribute (Rank 1-11) - Safety","Q11. Brand Attribute (Rank 1-11) - Fuel efficiency","Q11. Brand Attribute (Rank 1-11) - Value for money","Q11. Brand Attribute (Rank 1-11) - Resale value","Q11. Brand Attribute (Rank 1-11) - After-sales service","Q11. Brand Attribute (Rank 1-11) - Availability of spare parts","Q11. Brand Attribute (Rank 1-11) - Innovative technology","Q11. Brand Attribute (Rank 1-11) - Design and styling","Q11. Brand Attribute (Rank 1-11) - Environmentally friendly (Hybrid/EV)","Q12. Approach when choosing brand","Q13. What makes brand trustworthy in Nepal (Open-ended)","Q14. WhatsApp Number for Gift Hamper"
"GF-001","08/07/2026, 04:00:00 PM","25–34","Male","Business Owner / Entrepreneur","Above NPR 200,000","I plan to purchase a four-wheeler within the next 12 months.","Personal transportation","SUV","Rank 1","Rank 8","Rank 3","Rank 4","Rank 6","Rank 5","Rank 7","Rank 2","Rank 3","Rank 1","Rank 4","Rank 2","Rank 5","Rank 7","Rank 6","Rank 9","Rank 8","BYD","Rank 1","Rank 2","Rank 5","Rank 6","Rank 4","Rank 7","Rank 8","Rank 9","Rank 10","Rank 3","Yes","Rank 7","Rank 5","Rank 2","Rank 1","Rank 3","Rank 6","Rank 4","BYD","Atto 2","Important","Rank 1","Rank 4","Rank 10","Rank 5","Rank 2","Rank 3","Rank 6","Rank 7","Rank 8","Rank 9","Rank 11","I compare several brands before making a decision.","Resale value","9860104977"
"GF-002","08/07/2026, 05:05:00 PM","45–54","Female","Business Owner / Entrepreneur","Above NPR 200,000","I plan to purchase a four-wheeler within the next 12 months.","Personal transportation","SUV","Rank 1","Rank 8","Rank 3","Rank 5","Rank 7","Rank 4","Rank 6","Rank 2","Rank 1","Rank 2","Rank 4","Rank 3","Rank 5","Rank 6","Rank 7","Rank 9","Rank 8","Hyundai","Rank 2","Rank 1","Rank 3","Rank 4","Rank 5","Rank 6","Rank 8","Rank 7","Rank 9","Rank 5","No","N/A","N/A","N/A","N/A","N/A","N/A","N/A","Hyundai","Creta","Important","Rank 1","Rank 2","Rank 7","Rank 3","Rank 5","Rank 4","Rank 6","Rank 9","Rank 8","Rank 7","Rank 10","I choose the brand that offers the best value for money.","Durability","9841532778"
"GF-003","08/07/2026, 05:50:00 PM","25–34","Male","Private Sector Employee","NPR 100,001–200,000","I plan to purchase one in the next 1–3 years.","Family use","SUV","Rank 1","Rank 2","Rank 3","Rank 4","Rank 5","Rank 6","Rank 7","Rank 8","Rank 1","Rank 2","Rank 3","Rank 4","Rank 5","Rank 6","Rank 7","Rank 8","Rank 9","BYD","Rank 1","Rank 2","Rank 3","Rank 4","Rank 5","Rank 6","Rank 7","Rank 8","Rank 9","Rank 10","Yes","Rank 1","Rank 2","Rank 3","Rank 4","Rank 5","Rank 6","Rank 7","BYD","Atto 3","Moderately Important","Rank 1","Rank 2","Rank 3","Rank 4","Rank 5","Rank 6","Rank 7","Rank 8","Rank 9","Rank 10","Rank 11","I choose the brand that offers the best value for money.","Price to performance","9861800409"
"GF-004","08/07/2026, 07:15:00 PM","Below 25","Male","Private Sector Employee","Above NPR 200,000","I currently own a four-wheeler.","Business use","SUV","Rank 1","Rank 2","Rank 3","Rank 4","Rank 5","Rank 6","Rank 7","Rank 8","Rank 6","Rank 5","Rank 4","Rank 1","Rank 2","Rank 3","Rank 7","Rank 8","Rank 9","Toyota","Rank 1","Rank 2","Rank 3","Rank 4","Rank 5","Rank 6","Rank 7","Rank 8","Rank 9","Rank 10","Yes","Rank 1","Rank 2","Rank 3","Rank 4","Rank 5","Rank 6","Rank 7","Toyota","Byd","Not Important","Rank 1","Rank 2","Rank 3","Rank 4","Rank 5","Rank 6","Rank 7","Rank 8","Rank 9","Rank 10","Rank 11","I usually stick to a brand I trust.","Safety price","9864755746"
"GF-005","08/07/2026, 07:55:00 PM","25–34","Male","Business Owner / Entrepreneur","Above NPR 200,000","I plan to purchase a four-wheeler within the next 12 months.","Family use","SUV","Rank 1","Rank 2","Rank 3","Rank 4","Rank 5","Rank 6","Rank 7","Rank 8","Rank 1","Rank 2","Rank 3","Rank 4","Rank 5","Rank 6","Rank 7","Rank 8","Rank 9","Hyundai","Rank 1","Rank 2","Rank 3","Rank 4","Rank 5","Rank 6","Rank 7","Rank 8","Rank 9","Rank 10","Yes","Rank 1","Rank 2","Rank 3","Rank 4","Rank 5","Rank 6","Rank 7","Tesla","Model 3","Slightly Important","Rank 1","Rank 2","Rank 3","Rank 4","Rank 5","Rank 6","Rank 7","Rank 8","Rank 9","Rank 10","Rank 11","I compare several brands before making a decision.","Reliability",""
"GF-006","08/07/2026, 08:45:00 PM","Below 25","Male","Private Sector Employee","NPR 100,001–200,000","I plan to purchase one in the next 1–3 years.","Family use","SUV","Rank 4","Rank 1","Rank 2","Rank 5","Rank 3","Rank 6","Rank 7","Rank 8","Rank 7","Rank 3","Rank 4","Rank 1","Rank 9","Rank 2","Rank 8","Rank 5","Rank 6","Tata","Rank 10","Rank 9","Rank 7","Rank 8","Rank 1","Rank 2","Rank 3","Rank 4","Rank 5","Rank 6","Yes","Rank 1","Rank 2","Rank 3","Rank 4","Rank 5","Rank 6","Rank 7","Tata","Xuv","Important","Rank 3","Rank 1","Rank 2","Rank 4","Rank 5","Rank 6","Rank 7","Rank 8","Rank 9","Rank 10","Rank 11","I usually stick to a brand I trust.","Good reviews and service",""
"GF-007","08/07/2026, 10:10:00 PM","25–34","Male","Professional (e.g., Doctor, Engineer, Lawyer, Consultant)","NPR 100,001–200,000","I plan to purchase one in the next 1–3 years.","Family use","SUV","Rank 1","Rank 2","Rank 3","Rank 4","Rank 5","Rank 6","Rank 7","Rank 8","Rank 1","Rank 2","Rank 3","Rank 4","Rank 5","Rank 6","Rank 7","Rank 8","Rank 9","BYD","Rank 1","Rank 2","Rank 3","Rank 4","Rank 5","Rank 6","Rank 7","Rank 8","Rank 9","Rank 10","Yes","Rank 1","Rank 2","Rank 3","Rank 4","Rank 5","Rank 6","Rank 7","BYD","BYD Atto 3","Important","Rank 1","Rank 2","Rank 3","Rank 4","Rank 5","Rank 6","Rank 7","Rank 8","Rank 9","Rank 10","Rank 11","I usually stick to a brand I trust.","Customer trust, service quality, and value for money",""
"GF-008","08/07/2026, 11:25:00 PM","25–34","Male","Self-employed / Freelancer","NPR 100,001–200,000","I plan to purchase a four-wheeler within the next 12 months.","Business use","SUV","Rank 1","Rank 8","Rank 4","Rank 3","Rank 5","Rank 7","Rank 6","Rank 2","Rank 2","Rank 1","Rank 4","Rank 3","Rank 5","Rank 6","Rank 7","Rank 9","Rank 8","Hyundai","Rank 1","Rank 2","Rank 6","Rank 4","Rank 5","Rank 7","Rank 8","Rank 9","Rank 10","Rank 3","No","N/A","N/A","N/A","N/A","N/A","N/A","N/A","Hyundai","Creta","Very Important","Rank 1","Rank 2","Rank 8","Rank 4","Rank 3","Rank 5","Rank 6","Rank 7","Rank 9","Rank 10","Rank 11","I compare several brands before making a decision.","Reliability",""
"GF-009","08/08/2026, 12:00:00 AM","25–34","Male","Private Sector Employee","NPR 50,000–100,000","I have no immediate plans to purchase a four-wheeler.","Family use","SUV","Rank 1","Rank 2","Rank 3","Rank 5","Rank 4","Rank 7","Rank 8","Rank 6","Rank 1","Rank 2","Rank 3","Rank 4","Rank 5","Rank 6","Rank 7","Rank 8","Rank 9","Toyota","Rank 1","Rank 2","Rank 3","Rank 4","Rank 5","Rank 6","Rank 7","Rank 8","Rank 9","Rank 10","Yes","Rank 1","Rank 2","Rank 3","Rank 4","Rank 5","Rank 6","Rank 7","No idea","No idea","Very Important","Rank 1","Rank 2","Rank 3","Rank 4","Rank 5","Rank 6","Rank 7","Rank 8","Rank 9","Rank 10","Rank 11","I choose the brand that offers the best value for money.","Moderate price, low maintenance",""
"GF-010","08/08/2026, 12:45:00 AM","25–34","Male","Self-employed / Freelancer","NPR 50,000–100,000","I plan to purchase one in the next 1–3 years.","Personal transportation","Sedan","Rank 1","Rank 3","Rank 2","Rank 5","Rank 6","Rank 8","Rank 7","Rank 4","Rank 2","Rank 1","Rank 4","Rank 3","Rank 5","Rank 6","Rank 7","Rank 9","Rank 8","Tata","Rank 1","Rank 2","Rank 5","Rank 3","Rank 4","Rank 6","Rank 8","Rank 9","Rank 10","Rank 7","Yes","Rank 1","Rank 2","Rank 5","Rank 6","Rank 4","Rank 7","Rank 3","Tata","Nexon","Important","Rank 1","Rank 2","Rank 8","Rank 4","Rank 3","Rank 5","Rank 6","Rank 7","Rank 11","Rank 10","Rank 9","I choose the brand that offers the best value for money.","Cheaper",""
"GF-011","08/08/2026, 01:30:00 AM","35–44","Female","Professional (e.g., Doctor, Engineer, Lawyer, Consultant)","NPR 100,001–200,000","I plan to purchase one in the next 1–3 years.","Personal transportation","SUV","Rank 1","Rank 4","Rank 2","Rank 5","Rank 6","Rank 8","Rank 3","Rank 7","Rank 4","Rank 3","Rank 1","Rank 2","Rank 5","Rank 6","Rank 8","Rank 9","Rank 7","Hyundai","Rank 1","Rank 2","Rank 5","Rank 3","Rank 4","Rank 7","Rank 6","Rank 8","Rank 9","Rank 10","No","N/A","N/A","N/A","N/A","N/A","N/A","N/A","Hyundai","I20","Very Important","Rank 1","Rank 2","Rank 3","Rank 4","Rank 6","Rank 5","Rank 8","Rank 7","Rank 9","Rank 11","Rank 10","I usually stick to a brand I trust.","Reliability",""
"GF-012","08/08/2026, 02:15:00 AM","Below 25","Male","Student","Below NPR 50,000","I plan to purchase one in the next 1–3 years.","Personal transportation","Hatchback","Rank 2","Rank 3","Rank 4","Rank 1","Rank 6","Rank 5","Rank 8","Rank 7","Rank 5","Rank 1","Rank 3","Rank 2","Rank 4","Rank 6","Rank 7","Rank 9","Rank 8","Kia","Rank 1","Rank 2","Rank 7","Rank 3","Rank 4","Rank 5","Rank 8","Rank 10","Rank 9","Rank 6","No","N/A","N/A","N/A","N/A","N/A","N/A","N/A","KIA","SONET","Not Important","Rank 4","Rank 1","Rank 3","Rank 2","Rank 10","Rank 5","Rank 7","Rank 6","Rank 8","Rank 9","Rank 11","I am willing to try a new or emerging brand.","Technology",""
"GF-013","08/08/2026, 02:55:00 AM","25–34","Female","Private Sector Employee","NPR 50,000–100,000","I plan to purchase one in the next 1–3 years.","Family use","Sedan","Rank 1","Rank 3","Rank 2","Rank 4","Rank 5","Rank 8","Rank 6","Rank 7","Rank 1","Rank 2","Rank 5","Rank 4","Rank 3","Rank 7","Rank 6","Rank 9","Rank 8","MG","Rank 1","Rank 2","Rank 6","Rank 4","Rank 3","Rank 5","Rank 7","Rank 8","Rank 10","Rank 9","Yes","Rank 1","Rank 2","Rank 6","Rank 5","Rank 4","Rank 7","Rank 3","MG","Comet","Important","Rank 1","Rank 2","Rank 4","Rank 3","Rank 5","Rank 6","Rank 7","Rank 10","Rank 8","Rank 9","Rank 11","Brand is less important than vehicle features and price.","Comfort",""
"GF-014","08/08/2026, 03:45:00 AM","25–34","Female","Private Sector Employee","NPR 50,000–100,000","I plan to purchase one in the next 1–3 years.","Family use","SUV","Rank 2","Rank 1","Rank 3","Rank 4","Rank 5","Rank 8","Rank 7","Rank 6","Rank 7","Rank 8","Rank 9","Rank 6","Rank 5","Rank 4","Rank 2","Rank 3","Rank 1","Toyota","Rank 3","Rank 5","Rank 1","Rank 4","Rank 10","Rank 2","Rank 7","Rank 6","Rank 9","Rank 8","No","N/A","N/A","N/A","N/A","N/A","N/A","N/A","Toyota","SUV","Moderately Important","Rank 1","Rank 3","Rank 2","Rank 5","Rank 6","Rank 7","Rank 8","Rank 9","Rank 10","Rank 11","Rank 4","I compare several brands before making a decision.","Affordability & Reliability",""
"GF-015","08/08/2026, 04:30:00 AM","Below 25","Male","Business Owner / Entrepreneur","Below NPR 50,000","I currently own a four-wheeler.","Personal transportation","SUV","Rank 7","Rank 1","Rank 5","Rank 2","Rank 4","Rank 3","Rank 6","Rank 8","Rank 9","Rank 8","Rank 7","Rank 6","Rank 2","Rank 3","Rank 4","Rank 5","Rank 1","Nissan","Rank 3","Rank 2","Rank 10","Rank 5","Rank 4","Rank 7","Rank 6","Rank 8","Rank 9","Rank 1","No","N/A","N/A","N/A","N/A","N/A","N/A","N/A","Nissan","2015","Slightly Important","Rank 1","Rank 2","Rank 3","Rank 5","Rank 6","Rank 7","Rank 8","Rank 9","Rank 10","Rank 4","Rank 11","I usually stick to a brand I trust.","Built quality and good at international market",""
"KOBO-833245403","08/07/2026, 01:59:00 PM","25–34","Male","Business Owner / Entrepreneur","Above NPR 200,000","I plan to purchase a four-wheeler within the next 12 months.","Personal transportation","SUV","Rank 8","Rank 4","Rank 7","Rank 5","Rank 1","Rank 2","Rank 3","Rank 6","Rank 9","Rank 6","Rank 2","Rank 1","Rank 7","Rank 5","Rank 8","Rank 4","Rank 3","BYD","Rank 10","Rank 9","Rank 1","Rank 7","Rank 8","Rank 6","Rank 2","Rank 4","Rank 3","Rank 5","Yes","Rank 7","Rank 5","Rank 2","Rank 1","Rank 3","Rank 6","Rank 4","BYD","BYD Atto 2","Important","Rank 9","Rank 8","Rank 6","Rank 7","Rank 11","Rank 10","Rank 5","Rank 4","Rank 3","Rank 2","Rank 1","I compare several brands before making a decision.","Durability and resale value.","9860104977"
"KOBO-833309387","08/07/2026, 03:07:00 PM","25–34","Male","Business Owner / Entrepreneur","NPR 100,001–200,000","I currently own a four-wheeler.","Personal transportation","Hatchback","Rank 2","Rank 3","Rank 4","Rank 1","Rank 8","Rank 7","Rank 5","Rank 6","Rank 2","Rank 3","Rank 7","Rank 6","Rank 4","Rank 5","Rank 1","Rank 8","Rank 9","BYD","Rank 1","Rank 6","Rank 10","Rank 5","Rank 4","Rank 2","Rank 3","Rank 7","Rank 9","Rank 8","Yes","Rank 3","Rank 7","Rank 4","Rank 1","Rank 6","Rank 5","Rank 2","BYD","Atto 1","Very Important","Rank 1","Rank 3","Rank 2","Rank 4","Rank 5","Rank 6","Rank 9","Rank 7","Rank 8","Rank 10","Rank 11","I compare several brands before making a decision.","A good network of service centers, easy availability of spare parts, production of high quality cars","9840099441"
"KOBO-833352447","08/07/2026, 04:30:00 PM","35–44","Male","Government Employee","Above NPR 200,000","I currently own a four-wheeler.","Personal transportation","SUV","Rank 4","Rank 7","Rank 6","Rank 8","Rank 1","Rank 3","Rank 5","Rank 2","Rank 9","Rank 7","Rank 6","Rank 5","Rank 8","Rank 1","Rank 2","Rank 3","Rank 4","BYD","Rank 10","Rank 1","Rank 9","Rank 8","Rank 7","Rank 6","Rank 5","Rank 4","Rank 3","Rank 2","Yes","Rank 6","Rank 5","Rank 4","Rank 7","Rank 1","Rank 3","Rank 2","BYD","Otto 2","Important","Rank 11","Rank 10","Rank 9","Rank 8","Rank 7","Rank 6","Rank 5","Rank 4","Rank 3","Rank 2","Rank 1","I compare several brands before making a decision.","price, safety and services after sale","+18676869002"
"KOBO-833409617","08/07/2026, 05:35:00 PM","25–34","Male","Government Employee","NPR 100,001–200,000","I currently own a four-wheeler.","Personal transportation","SUV","Rank 1","Rank 3","Rank 2","Rank 4","Rank 5","Rank 6","Rank 7","Rank 8","Rank 1","Rank 7","Rank 3","Rank 2","Rank 4","Rank 5","Rank 9","Rank 8","Rank 6","Toyota","Rank 1","Rank 2","Rank 7","Rank 10","Rank 9","Rank 6","Rank 3","Rank 4","Rank 8","Rank 5","No","N/A","N/A","N/A","N/A","N/A","N/A","N/A","Tata","Punch ev latest facelift 40kwh battery pack variant","Important","Rank 3","Rank 4","Rank 9","Rank 2","Rank 1","Rank 5","Rank 6","Rank 7","Rank 10","Rank 11","Rank 8","I compare several brands before making a decision.","It is not at all.",""
"KOBO-833590863","08/08/2026, 01:00:00 PM","25–34","Female","Private Sector Employee","Above NPR 200,000","I currently own a four-wheeler.","Personal transportation","SUV","Rank 8","Rank 7","Rank 6","Rank 5","Rank 4","Rank 3","Rank 2","Rank 1","Rank 1","Rank 2","Rank 3","Rank 4","Rank 5","Rank 6","Rank 7","Rank 8","Rank 9","Nissan","Rank 10","Rank 9","Rank 8","Rank 7","Rank 6","Rank 5","Rank 4","Rank 3","Rank 2","Rank 1","No","N/A","N/A","N/A","N/A","N/A","N/A","N/A","Honda","Accord","Important","Rank 11","Rank 10","Rank 9","Rank 8","Rank 7","Rank 6","Rank 5","Rank 4","Rank 3","Rank 2","Rank 1","I usually stick to a brand I trust.","Resale value",""
"KOBO-833622483","08/08/2026, 02:15:00 PM","35–44","Male","Government Employee","NPR 50,000–100,000","I currently own a four-wheeler.","Family use","SUV","Rank 4","Rank 2","Rank 1","Rank 3","Rank 5","Rank 7","Rank 6","Rank 8","Rank 5","Rank 6","Rank 7","Rank 8","Rank 4","Rank 2","Rank 1","Rank 9","Rank 3","Hyundai","Rank 1","Rank 4","Rank 3","Rank 7","Rank 2","Rank 5","Rank 10","Rank 6","Rank 9","Rank 8","No","N/A","N/A","N/A","N/A","N/A","N/A","N/A","Byd","Atto 2","Important","Rank 3","Rank 2","Rank 1","Rank 4","Rank 8","Rank 7","Rank 9","Rank 6","Rank 10","Rank 5","Rank 11","I compare several brands before making a decision.","Consumer’s feedback and international experience.",""
"KOBO-833629574","08/08/2026, 02:57:00 PM","25–34","Male","Business Owner / Entrepreneur","Above NPR 200,000","I plan to purchase a four-wheeler within the next 12 months.","Personal transportation","SUV","Rank 1","Rank 8","Rank 3","Rank 5","Rank 6","Rank 4","Rank 7","Rank 2","Rank 1","Rank 2","Rank 6","Rank 3","Rank 5","Rank 4","Rank 7","Rank 9","Rank 8","BYD","Rank 1","Rank 2","Rank 5","Rank 6","Rank 3","Rank 7","Rank 8","Rank 9","Rank 10","Rank 4","Yes","Rank 1","Rank 3","Rank 4","Rank 7","Rank 6","Rank 2","Rank 5","BYD","Atto 2","Important","Rank 6","Rank 3","Rank 9","Rank 4","Rank 1","Rank 2","Rank 5","Rank 7","Rank 10","Rank 8","Rank 11","I compare several brands before making a decision.","Price and resale value",""
"KOBO-833631099","08/08/2026, 03:30:00 PM","35–44","Male","Business Owner / Entrepreneur","NPR 100,001–200,000","I currently own a four-wheeler.","Personal transportation","SUV","Rank 1","Rank 8","Rank 4","Rank 2","Rank 6","Rank 5","Rank 7","Rank 3","Rank 1","Rank 2","Rank 6","Rank 4","Rank 3","Rank 5","Rank 8","Rank 9","Rank 7","Hyundai","Rank 2","Rank 1","Rank 5","Rank 6","Rank 3","Rank 7","Rank 9","Rank 8","Rank 10","Rank 4","No","N/A","N/A","N/A","N/A","N/A","N/A","N/A","Hyundai","Creta","Not Important","Rank 1","Rank 3","Rank 9","Rank 4","Rank 7","Rank 2","Rank 5","Rank 8","Rank 10","Rank 6","Rank 11","I usually stick to a brand I trust.","Lifelong",""
"KOBO-833633023","08/08/2026, 03:55:00 PM","35–44","Male","Business Owner / Entrepreneur","Above NPR 200,000","I currently own a four-wheeler.","Business use","SUV","Rank 1","Rank 8","Rank 4","Rank 3","Rank 5","Rank 7","Rank 6","Rank 2","Rank 5","Rank 4","Rank 3","Rank 2","Rank 1","Rank 6","Rank 7","Rank 9","Rank 8","Tata","Rank 1","Rank 2","Rank 5","Rank 4","Rank 3","Rank 8","Rank 7","Rank 9","Rank 10","Rank 6","Yes","Rank 1","Rank 2","Rank 5","Rank 4","Rank 3","Rank 6","Rank 7","Tata","Nexon","Important","Rank 1","Rank 2","Rank 9","Rank 7","Rank 3","Rank 4","Rank 5","Rank 6","Rank 8","Rank 10","Rank 11","I usually stick to a brand I trust.","Sale value",""
"KOBO-833636632","08/08/2026, 04:25:00 PM","25–34","Male","Government Employee","NPR 100,001–200,000","I plan to purchase one in the next 1–3 years.","Family use","SUV","Rank 1","Rank 4","Rank 2","Rank 3","Rank 7","Rank 8","Rank 6","Rank 5","Rank 7","Rank 2","Rank 1","Rank 6","Rank 3","Rank 5","Rank 4","Rank 9","Rank 8","BYD","Rank 1","Rank 5","Rank 4","Rank 10","Rank 2","Rank 3","Rank 9","Rank 8","Rank 7","Rank 6","Yes","Rank 1","Rank 7","Rank 6","Rank 4","Rank 3","Rank 2","Rank 5","BYD","Auto","Moderately Important","Rank 1","Rank 4","Rank 8","Rank 5","Rank 9","Rank 7","Rank 10","Rank 11","Rank 6","Rank 2","Rank 3","I choose the brand that offers the best value for money.","Customer care, EMI, reliability makes brand trusty worthy",""
"KOBO-833805878","08/08/2026, 06:00:00 PM","25–34","Male","Professional (e.g., Doctor, Engineer, Lawyer, Consultant)","NPR 50,000–100,000","I have no immediate plans to purchase a four-wheeler.","Family use","Sedan","Rank 5","Rank 4","Rank 8","Rank 7","Rank 3","Rank 6","Rank 2","Rank 1","Rank 9","Rank 4","Rank 3","Rank 2","Rank 5","Rank 1","Rank 7","Rank 6","Rank 8","Toyota","Rank 1","Rank 2","Rank 3","Rank 10","Rank 4","Rank 5","Rank 6","Rank 9","Rank 7","Rank 8","Yes","Rank 1","Rank 2","Rank 3","Rank 4","Rank 5","Rank 7","Rank 6","BMW","BMW","Moderately Important","Rank 8","Rank 9","Rank 11","Rank 10","Rank 7","Rank 6","Rank 2","Rank 5","Rank 4","Rank 1","Rank 3","I usually stick to a brand I trust.","Nice",""
"KOBO-833839885","08/08/2026, 06:45:00 PM","25–34","Male","Private Sector Employee","NPR 50,000–100,000","I have no immediate plans to purchase a four-wheeler.","Family use","SUV","Rank 1","Rank 4","Rank 2","Rank 3","Rank 6","Rank 8","Rank 5","Rank 7","Rank 2","Rank 3","Rank 4","Rank 1","Rank 5","Rank 6","Rank 7","Rank 8","Rank 9","BYD","Rank 1","Rank 2","Rank 3","Rank 4","Rank 5","Rank 7","Rank 9","Rank 8","Rank 6","Rank 10","No","N/A","N/A","N/A","N/A","N/A","N/A","N/A","BYD","Atto 2","Important","Rank 5","Rank 4","Rank 2","Rank 3","Rank 1","Rank 10","Rank 8","Rank 9","Rank 11","Rank 6","Rank 7","I compare several brands before making a decision.","After sales service and value for money.","9862220997"
"KOBO-834199318","08/09/2026, 02:15:00 PM","Below 25","Female","Student","NPR 50,000–100,000","I have no immediate plans to purchase a four-wheeler.","Family use","SUV","Rank 2","Rank 1","Rank 7","Rank 4","Rank 8","Rank 3","Rank 5","Rank 6","Rank 1","Rank 2","Rank 9","Rank 8","Rank 3","Rank 7","Rank 5","Rank 4","Rank 6","Toyota","Rank 1","Rank 2","Rank 3","Rank 6","Rank 4","Rank 8","Rank 7","Rank 9","Rank 10","Rank 5","Yes","Rank 2","Rank 4","Rank 5","Rank 3","Rank 6","Rank 1","Rank 7","BYD","Dolphin","Very Important","Rank 4","Rank 3","Rank 1","Rank 5","Rank 2","Rank 11","Rank 6","Rank 8","Rank 10","Rank 7","Rank 9","I compare several brands before making a decision.","Value for money and safety and reliability","9840252810"
"KOBO-834328351","08/09/2026, 05:30:00 PM","25–34","Male","Private Sector Employee","NPR 50,000–100,000","I have no immediate plans to purchase a four-wheeler.","Family use","SUV","Rank 7","Rank 4","Rank 5","Rank 3","Rank 6","Rank 8","Rank 2","Rank 1","Rank 5","Rank 2","Rank 4","Rank 6","Rank 7","Rank 8","Rank 9","Rank 1","Rank 3","Ford","Rank 10","Rank 9","Rank 8","Rank 7","Rank 6","Rank 5","Rank 4","Rank 3","Rank 2","Rank 1","No","N/A","N/A","N/A","N/A","N/A","N/A","N/A","Ford","Na","Very Important","Rank 4","Rank 5","Rank 9","Rank 3","Rank 10","Rank 6","Rank 11","Rank 8","Rank 7","Rank 2","Rank 1","I compare several brands before making a decision.","N",""
"KOBO-836755049","08/11/2026, 07:55:00 PM","Below 25","Male","Self-employed / Freelancer","Below NPR 50,000","I currently own a four-wheeler.","Family use","SUV","Rank 5","Rank 7","Rank 8","Rank 6","Rank 4","Rank 3","Rank 2","Rank 1","Rank 1","Rank 2","Rank 4","Rank 3","Rank 5","Rank 7","Rank 9","Rank 8","Rank 6","BYD","Rank 1","Rank 2","Rank 10","Rank 9","Rank 6","Rank 3","Rank 5","Rank 4","Rank 7","Rank 8","Yes","Rank 1","Rank 7","Rank 2","Rank 3","Rank 6","Rank 4","Rank 5","BYD","Sealion 7","Moderately Important","Rank 3","Rank 1","Rank 2","Rank 7","Rank 4","Rank 5","Rank 6","Rank 8","Rank 11","Rank 10","Rank 9","I choose the brand that offers the best value for money.","Cost and after sales service",""
"RESP-1001","08/10/2026, 01:45:00 PM","25–34","Female","Private Sector Employee","NPR 100,001–200,000","I plan to purchase a four-wheeler within the next 12 months.","Family use","Electric Vehicle (EV)","Rank 2","Rank 3","Rank 4","Rank 5","Rank 6","Rank 7","Rank 8","Rank 1","Rank 4","Rank 5","Rank 6","Rank 7","Rank 8","Rank 9","Rank 1","Rank 2","Rank 3","BYD","Rank 3","Rank 4","Rank 5","Rank 6","Rank 7","Rank 8","Rank 9","Rank 10","Rank 1","Rank 2","Yes","Rank 2","Rank 3","Rank 4","Rank 5","Rank 6","Rank 7","Rank 1","BYD","Atto 3","Very Important","Rank 5","Rank 6","Rank 7","Rank 8","Rank 9","Rank 10","Rank 11","Rank 1","Rank 2","Rank 3","Rank 4","I choose the brand that offers the best value for money.","Reliable high-voltage battery warranty (8+ years), quick DC fast-charging network on Prithvi and BP highways, and easy availability of certified EV technicians.","9841100000"
"RESP-1002","08/11/2026, 02:52:13 PM","35–44","Male","Business Owner / Entrepreneur","Above NPR 200,000","I currently own a four-wheeler.","Personal transportation","Compact SUV","Rank 5","Rank 6","Rank 7","Rank 8","Rank 1","Rank 2","Rank 3","Rank 4","Rank 6","Rank 7","Rank 8","Rank 9","Rank 1","Rank 2","Rank 3","Rank 4","Rank 5","BYD","Rank 7","Rank 8","Rank 9","Rank 10","Rank 1","Rank 2","Rank 3","Rank 4","Rank 5","Rank 6","Yes","Rank 4","Rank 5","Rank 6","Rank 7","Rank 1","Rank 2","Rank 3","BYD","Dolphin","Important","Rank 10","Rank 11","Rank 1","Rank 2","Rank 3","Rank 4","Rank 5","Rank 6","Rank 7","Rank 8","Rank 9","I usually stick to a brand I trust.","Low electricity cost per km compared to petrol, transparent pricing from authorized distributors (like CG Motors, Sipradi), and consistent software updates.","9851187654"
"RESP-1003","08/12/2026, 03:59:26 PM","Below 25","Male","Professional (e.g., Doctor, Engineer, Lawyer, Consultant)","NPR 50,000–100,000","I plan to purchase one in the next 1–3 years.","Commuting to work/business","SUV","Rank 8","Rank 1","Rank 2","Rank 3","Rank 4","Rank 5","Rank 6","Rank 7","Rank 8","Rank 9","Rank 1","Rank 2","Rank 3","Rank 4","Rank 5","Rank 6","Rank 7","BYD","Rank 1","Rank 2","Rank 3","Rank 4","Rank 5","Rank 6","Rank 7","Rank 8","Rank 9","Rank 10","Yes","Rank 6","Rank 7","Rank 1","Rank 2","Rank 3","Rank 4","Rank 5","BYD","Seal","Moderately Important","Rank 4","Rank 5","Rank 6","Rank 7","Rank 8","Rank 9","Rank 10","Rank 11","Rank 1","Rank 2","Rank 3","I am willing to try a new or emerging brand.","Good ground clearance for Nepal's hilly roads, strong regenerative braking, and solid customer service responsiveness.","9801275308"
"RESP-1004","08/13/2026, 05:06:39 PM","45–54","Male","Government Employee","Below NPR 50,000","I have owned a four-wheeler in the past.","Long-distance / Highway travel","Hatchback","Rank 3","Rank 4","Rank 5","Rank 6","Rank 7","Rank 8","Rank 1","Rank 2","Rank 1","Rank 2","Rank 3","Rank 4","Rank 5","Rank 6","Rank 7","Rank 8","Rank 9","Tata","Rank 5","Rank 6","Rank 7","Rank 8","Rank 9","Rank 10","Rank 1","Rank 2","Rank 3","Rank 4","Yes","Rank 1","Rank 2","Rank 3","Rank 4","Rank 5","Rank 6","Rank 7","Tata","Nexon.ev","Slightly Important","Rank 9","Rank 10","Rank 11","Rank 1","Rank 2","Rank 3","Rank 4","Rank 5","Rank 6","Rank 7","Rank 8","I compare several brands before making a decision.","Availability of local spare parts without waiting months, prompt roadside assistance during highway breakdowns, and fair buyback resale value.","9860362962"
"RESP-1005","08/14/2026, 06:13:52 PM","55 and above","Male","Self-Employed / Freelancer","NPR 100,001–200,000","I plan to purchase a four-wheeler within the next 12 months.","Commercial / Business use","Sedan","Rank 6","Rank 7","Rank 8","Rank 1","Rank 2","Rank 3","Rank 4","Rank 5","Rank 3","Rank 4","Rank 5","Rank 6","Rank 7","Rank 8","Rank 9","Rank 1","Rank 2","Tata","Rank 9","Rank 10","Rank 1","Rank 2","Rank 3","Rank 4","Rank 5","Rank 6","Rank 7","Rank 8","Yes","Rank 3","Rank 4","Rank 5","Rank 6","Rank 7","Rank 1","Rank 2","Tata","Tiago.ev","Very Important","Rank 3","Rank 4","Rank 5","Rank 6","Rank 7","Rank 8","Rank 9","Rank 10","Rank 11","Rank 1","Rank 2","I choose the brand that offers the best value for money.","Proven safety crash ratings, trusted brand backing with multiple service centers outside Kathmandu (Pokhara, Butwal, Biratnagar, Chitwan).","9818450616"
"RESP-1006","08/15/2026, 07:20:05 PM","25–34","Female","Student","Above NPR 200,000","I currently own a four-wheeler.","Family use","Electric Vehicle (EV)","Rank 1","Rank 2","Rank 3","Rank 4","Rank 5","Rank 6","Rank 7","Rank 8","Rank 5","Rank 6","Rank 7","Rank 8","Rank 9","Rank 1","Rank 2","Rank 3","Rank 4","Tata","Rank 3","Rank 4","Rank 5","Rank 6","Rank 7","Rank 8","Rank 9","Rank 10","Rank 1","Rank 2","Yes","Rank 5","Rank 6","Rank 7","Rank 1","Rank 2","Rank 3","Rank 4","Tata","Punch.ev","Important","Rank 8","Rank 9","Rank 10","Rank 11","Rank 1","Rank 2","Rank 3","Rank 4","Rank 5","Rank 6","Rank 7","I usually stick to a brand I trust.","Strong authorized dealer network, transparent service costs, and proven battery thermal management during cold mountain winters and hot Terai summers.","9843538270"
"RESP-1007","08/16/2026, 08:27:18 PM","35–44","Male","Private Sector Employee","NPR 50,000–100,000","I plan to purchase one in the next 1–3 years.","Personal transportation","Compact SUV","Rank 4","Rank 5","Rank 6","Rank 7","Rank 8","Rank 1","Rank 2","Rank 3","Rank 7","Rank 8","Rank 9","Rank 1","Rank 2","Rank 3","Rank 4","Rank 5","Rank 6","MG","Rank 7","Rank 8","Rank 9","Rank 10","Rank 1","Rank 2","Rank 3","Rank 4","Rank 5","Rank 6","Yes","Rank 7","Rank 1","Rank 2","Rank 3","Rank 4","Rank 5","Rank 6","MG","ZS EV","Moderately Important","Rank 2","Rank 3","Rank 4","Rank 5","Rank 6","Rank 7","Rank 8","Rank 9","Rank 10","Rank 11","Rank 1","I am willing to try a new or emerging brand.","Reliable high-voltage battery warranty (8+ years), quick DC fast-charging network on Prithvi and BP highways, and easy availability of certified EV technicians.","9851625924"
"RESP-1008","08/17/2026, 09:34:31 PM","Below 25","Male","Business Owner / Entrepreneur","Below NPR 50,000","I have owned a four-wheeler in the past.","Commuting to work/business","SUV","Rank 7","Rank 8","Rank 1","Rank 2","Rank 3","Rank 4","Rank 5","Rank 6","Rank 9","Rank 1","Rank 2","Rank 3","Rank 4","Rank 5","Rank 6","Rank 7","Rank 8","MG","Rank 1","Rank 2","Rank 3","Rank 4","Rank 5","Rank 6","Rank 7","Rank 8","Rank 9","Rank 10","Yes","Rank 2","Rank 3","Rank 4","Rank 5","Rank 6","Rank 7","Rank 1","MG","Comet EV","Slightly Important","Rank 7","Rank 8","Rank 9","Rank 10","Rank 11","Rank 1","Rank 2","Rank 3","Rank 4","Rank 5","Rank 6","I compare several brands before making a decision.","Low electricity cost per km compared to petrol, transparent pricing from authorized distributors (like CG Motors, Sipradi), and consistent software updates.","9802713578"
"RESP-1009","08/18/2026, 10:41:44 PM","45–54","Male","Professional (e.g., Doctor, Engineer, Lawyer, Consultant)","NPR 100,001–200,000","I plan to purchase a four-wheeler within the next 12 months.","Long-distance / Highway travel","Hatchback","Rank 2","Rank 3","Rank 4","Rank 5","Rank 6","Rank 7","Rank 8","Rank 1","Rank 2","Rank 3","Rank 4","Rank 5","Rank 6","Rank 7","Rank 8","Rank 9","Rank 1","Hyundai","Rank 5","Rank 6","Rank 7","Rank 8","Rank 9","Rank 10","Rank 1","Rank 2","Rank 3","Rank 4","Yes","Rank 4","Rank 5","Rank 6","Rank 7","Rank 1","Rank 2","Rank 3","Hyundai","Ioniq 5","Very Important","Rank 1","Rank 2","Rank 3","Rank 4","Rank 5","Rank 6","Rank 7","Rank 8","Rank 9","Rank 10","Rank 11","I choose the brand that offers the best value for money.","Good ground clearance for Nepal's hilly roads, strong regenerative braking, and solid customer service responsiveness.","9861801232"
"RESP-1010","08/19/2026, 10:48:57 PM","55 and above","Male","Government Employee","Above NPR 200,000","I currently own a four-wheeler.","Commercial / Business use","Sedan","Rank 5","Rank 6","Rank 7","Rank 8","Rank 1","Rank 2","Rank 3","Rank 4","Rank 4","Rank 5","Rank 6","Rank 7","Rank 8","Rank 9","Rank 1","Rank 2","Rank 3","Hyundai","Rank 9","Rank 10","Rank 1","Rank 2","Rank 3","Rank 4","Rank 5","Rank 6","Rank 7","Rank 8","Yes","Rank 6","Rank 7","Rank 1","Rank 2","Rank 3","Rank 4","Rank 5","Hyundai","Kona Electric","Important","Rank 6","Rank 7","Rank 8","Rank 9","Rank 10","Rank 11","Rank 1","Rank 2","Rank 3","Rank 4","Rank 5","I usually stick to a brand I trust.","Availability of local spare parts without waiting months, prompt roadside assistance during highway breakdowns, and fair buyback resale value.","9849888886"
"RESP-1011","08/10/2026, 11:55:10 PM","25–34","Female","Self-Employed / Freelancer","NPR 50,000–100,000","I plan to purchase one in the next 1–3 years.","Family use","Electric Vehicle (EV)","Rank 8","Rank 1","Rank 2","Rank 3","Rank 4","Rank 5","Rank 6","Rank 7","Rank 6","Rank 7","Rank 8","Rank 9","Rank 1","Rank 2","Rank 3","Rank 4","Rank 5","Kia","Rank 3","Rank 4","Rank 5","Rank 6","Rank 7","Rank 8","Rank 9","Rank 10","Rank 1","Rank 2","Yes","Rank 1","Rank 2","Rank 3","Rank 4","Rank 5","Rank 6","Rank 7","Kia","EV6","Moderately Important","Rank 11","Rank 1","Rank 2","Rank 3","Rank 4","Rank 5","Rank 6","Rank 7","Rank 8","Rank 9","Rank 10","I am willing to try a new or emerging brand.","Proven safety crash ratings, trusted brand backing with multiple service centers outside Kathmandu (Pokhara, Butwal, Biratnagar, Chitwan).","9841976540"
"RESP-1012","08/12/2026, 01:02:23 AM","35–44","Male","Student","Below NPR 50,000","I have owned a four-wheeler in the past.","Personal transportation","Compact SUV","Rank 3","Rank 4","Rank 5","Rank 6","Rank 7","Rank 8","Rank 1","Rank 2","Rank 8","Rank 9","Rank 1","Rank 2","Rank 3","Rank 4","Rank 5","Rank 6","Rank 7","BYD","Rank 7","Rank 8","Rank 9","Rank 10","Rank 1","Rank 2","Rank 3","Rank 4","Rank 5","Rank 6","Yes","Rank 3","Rank 4","Rank 5","Rank 6","Rank 7","Rank 1","Rank 2","BYD","Atto 3","Slightly Important","Rank 5","Rank 6","Rank 7","Rank 8","Rank 9","Rank 10","Rank 11","Rank 1","Rank 2","Rank 3","Rank 4","I compare several brands before making a decision.","Strong authorized dealer network, transparent service costs, and proven battery thermal management during cold mountain winters and hot Terai summers.","9851164194"
"RESP-1013","08/12/2026, 02:09:36 PM","Below 25","Male","Private Sector Employee","NPR 100,001–200,000","I plan to purchase a four-wheeler within the next 12 months.","Commuting to work/business","SUV","Rank 6","Rank 7","Rank 8","Rank 1","Rank 2","Rank 3","Rank 4","Rank 5","Rank 1","Rank 2","Rank 3","Rank 4","Rank 5","Rank 6","Rank 7","Rank 8","Rank 9","BYD","Rank 1","Rank 2","Rank 3","Rank 4","Rank 5","Rank 6","Rank 7","Rank 8","Rank 9","Rank 10","Yes","Rank 5","Rank 6","Rank 7","Rank 1","Rank 2","Rank 3","Rank 4","BYD","Dolphin","Very Important","Rank 10","Rank 11","Rank 1","Rank 2","Rank 3","Rank 4","Rank 5","Rank 6","Rank 7","Rank 8","Rank 9","I choose the brand that offers the best value for money.","Reliable high-voltage battery warranty (8+ years), quick DC fast-charging network on Prithvi and BP highways, and easy availability of certified EV technicians.","9801251848"
"RESP-1014","08/13/2026, 03:16:49 PM","45–54","Male","Business Owner / Entrepreneur","Above NPR 200,000","I currently own a four-wheeler.","Long-distance / Highway travel","Hatchback","Rank 1","Rank 2","Rank 3","Rank 4","Rank 5","Rank 6","Rank 7","Rank 8","Rank 3","Rank 4","Rank 5","Rank 6","Rank 7","Rank 8","Rank 9","Rank 1","Rank 2","BYD","Rank 5","Rank 6","Rank 7","Rank 8","Rank 9","Rank 10","Rank 1","Rank 2","Rank 3","Rank 4","Yes","Rank 7","Rank 1","Rank 2","Rank 3","Rank 4","Rank 5","Rank 6","BYD","Seal","Important","Rank 4","Rank 5","Rank 6","Rank 7","Rank 8","Rank 9","Rank 10","Rank 11","Rank 1","Rank 2","Rank 3","I usually stick to a brand I trust.","Low electricity cost per km compared to petrol, transparent pricing from authorized distributors (like CG Motors, Sipradi), and consistent software updates.","9860339502"
"RESP-1015","08/14/2026, 04:23:02 PM","55 and above","Male","Professional (e.g., Doctor, Engineer, Lawyer, Consultant)","NPR 50,000–100,000","I plan to purchase one in the next 1–3 years.","Commercial / Business use","Sedan","Rank 4","Rank 5","Rank 6","Rank 7","Rank 8","Rank 1","Rank 2","Rank 3","Rank 5","Rank 6","Rank 7","Rank 8","Rank 9","Rank 1","Rank 2","Rank 3","Rank 4","Tata","Rank 9","Rank 10","Rank 1","Rank 2","Rank 3","Rank 4","Rank 5","Rank 6","Rank 7","Rank 8","Yes","Rank 2","Rank 3","Rank 4","Rank 5","Rank 6","Rank 7","Rank 1","Tata","Nexon.ev","Moderately Important","Rank 9","Rank 10","Rank 11","Rank 1","Rank 2","Rank 3","Rank 4","Rank 5","Rank 6","Rank 7","Rank 8","I am willing to try a new or emerging brand.","Good ground clearance for Nepal's hilly roads, strong regenerative braking, and solid customer service responsiveness.","9818427156"
"RESP-1016","08/15/2026, 05:30:15 PM","25–34","Female","Government Employee","Below NPR 50,000","I have owned a four-wheeler in the past.","Family use","Electric Vehicle (EV)","Rank 7","Rank 8","Rank 1","Rank 2","Rank 3","Rank 4","Rank 5","Rank 6","Rank 7","Rank 8","Rank 9","Rank 1","Rank 2","Rank 3","Rank 4","Rank 5","Rank 6","Tata","Rank 3","Rank 4","Rank 5","Rank 6","Rank 7","Rank 8","Rank 9","Rank 10","Rank 1","Rank 2","Yes","Rank 4","Rank 5","Rank 6","Rank 7","Rank 1","Rank 2","Rank 3","Tata","Tiago.ev","Slightly Important","Rank 3","Rank 4","Rank 5","Rank 6","Rank 7","Rank 8","Rank 9","Rank 10","Rank 11","Rank 1","Rank 2","I compare several brands before making a decision.","Availability of local spare parts without waiting months, prompt roadside assistance during highway breakdowns, and fair buyback resale value.","9843514810"
"RESP-1017","08/16/2026, 06:37:28 PM","35–44","Male","Self-Employed / Freelancer","NPR 100,001–200,000","I plan to purchase a four-wheeler within the next 12 months.","Personal transportation","Compact SUV","Rank 2","Rank 3","Rank 4","Rank 5","Rank 6","Rank 7","Rank 8","Rank 1","Rank 9","Rank 1","Rank 2","Rank 3","Rank 4","Rank 5","Rank 6","Rank 7","Rank 8","Tata","Rank 7","Rank 8","Rank 9","Rank 10","Rank 1","Rank 2","Rank 3","Rank 4","Rank 5","Rank 6","Yes","Rank 6","Rank 7","Rank 1","Rank 2","Rank 3","Rank 4","Rank 5","Tata","Punch.ev","Very Important","Rank 8","Rank 9","Rank 10","Rank 11","Rank 1","Rank 2","Rank 3","Rank 4","Rank 5","Rank 6","Rank 7","I choose the brand that offers the best value for money.","Proven safety crash ratings, trusted brand backing with multiple service centers outside Kathmandu (Pokhara, Butwal, Biratnagar, Chitwan).","9851602464"
"RESP-1018","08/17/2026, 07:44:41 PM","Below 25","Male","Student","Above NPR 200,000","I currently own a four-wheeler.","Commuting to work/business","SUV","Rank 5","Rank 6","Rank 7","Rank 8","Rank 1","Rank 2","Rank 3","Rank 4","Rank 2","Rank 3","Rank 4","Rank 5","Rank 6","Rank 7","Rank 8","Rank 9","Rank 1","MG","Rank 1","Rank 2","Rank 3","Rank 4","Rank 5","Rank 6","Rank 7","Rank 8","Rank 9","Rank 10","Yes","Rank 1","Rank 2","Rank 3","Rank 4","Rank 5","Rank 6","Rank 7","MG","ZS EV","Important","Rank 2","Rank 3","Rank 4","Rank 5","Rank 6","Rank 7","Rank 8","Rank 9","Rank 10","Rank 11","Rank 1","I usually stick to a brand I trust.","Strong authorized dealer network, transparent service costs, and proven battery thermal management during cold mountain winters and hot Terai summers.","9802690118"
"RESP-1019","08/18/2026, 07:51:54 PM","45–54","Male","Private Sector Employee","NPR 50,000–100,000","I plan to purchase one in the next 1–3 years.","Long-distance / Highway travel","Hatchback","Rank 8","Rank 1","Rank 2","Rank 3","Rank 4","Rank 5","Rank 6","Rank 7","Rank 4","Rank 5","Rank 6","Rank 7","Rank 8","Rank 9","Rank 1","Rank 2","Rank 3","MG","Rank 5","Rank 6","Rank 7","Rank 8","Rank 9","Rank 10","Rank 1","Rank 2","Rank 3","Rank 4","Yes","Rank 3","Rank 4","Rank 5","Rank 6","Rank 7","Rank 1","Rank 2","MG","Comet EV","Moderately Important","Rank 7","Rank 8","Rank 9","Rank 10","Rank 11","Rank 1","Rank 2","Rank 3","Rank 4","Rank 5","Rank 6","I am willing to try a new or emerging brand.","Reliable high-voltage battery warranty (8+ years), quick DC fast-charging network on Prithvi and BP highways, and easy availability of certified EV technicians.","9861777772"
"RESP-1020","08/19/2026, 08:58:07 PM","55 and above","Male","Business Owner / Entrepreneur","Below NPR 50,000","I have owned a four-wheeler in the past.","Commercial / Business use","Sedan","Rank 3","Rank 4","Rank 5","Rank 6","Rank 7","Rank 8","Rank 1","Rank 2","Rank 6","Rank 7","Rank 8","Rank 9","Rank 1","Rank 2","Rank 3","Rank 4","Rank 5","Hyundai","Rank 9","Rank 10","Rank 1","Rank 2","Rank 3","Rank 4","Rank 5","Rank 6","Rank 7","Rank 8","Yes","Rank 5","Rank 6","Rank 7","Rank 1","Rank 2","Rank 3","Rank 4","Hyundai","Ioniq 5","Slightly Important","Rank 1","Rank 2","Rank 3","Rank 4","Rank 5","Rank 6","Rank 7","Rank 8","Rank 9","Rank 10","Rank 11","I compare several brands before making a decision.","Low electricity cost per km compared to petrol, transparent pricing from authorized distributors (like CG Motors, Sipradi), and consistent software updates.","9849865426"
"RESP-1021","08/10/2026, 10:05:20 PM","25–34","Female","Professional (e.g., Doctor, Engineer, Lawyer, Consultant)","NPR 100,001–200,000","I plan to purchase a four-wheeler within the next 12 months.","Family use","Electric Vehicle (EV)","Rank 6","Rank 7","Rank 8","Rank 1","Rank 2","Rank 3","Rank 4","Rank 5","Rank 8","Rank 9","Rank 1","Rank 2","Rank 3","Rank 4","Rank 5","Rank 6","Rank 7","Hyundai","Rank 3","Rank 4","Rank 5","Rank 6","Rank 7","Rank 8","Rank 9","Rank 10","Rank 1","Rank 2","Yes","Rank 7","Rank 1","Rank 2","Rank 3","Rank 4","Rank 5","Rank 6","Hyundai","Kona Electric","Very Important","Rank 6","Rank 7","Rank 8","Rank 9","Rank 10","Rank 11","Rank 1","Rank 2","Rank 3","Rank 4","Rank 5","I choose the brand that offers the best value for money.","Good ground clearance for Nepal's hilly roads, strong regenerative braking, and solid customer service responsiveness.","9841953080"
"RESP-1022","08/11/2026, 11:12:33 PM","35–44","Male","Government Employee","Above NPR 200,000","I currently own a four-wheeler.","Personal transportation","Compact SUV","Rank 1","Rank 2","Rank 3","Rank 4","Rank 5","Rank 6","Rank 7","Rank 8","Rank 1","Rank 2","Rank 3","Rank 4","Rank 5","Rank 6","Rank 7","Rank 8","Rank 9","Kia","Rank 7","Rank 8","Rank 9","Rank 10","Rank 1","Rank 2","Rank 3","Rank 4","Rank 5","Rank 6","Yes","Rank 2","Rank 3","Rank 4","Rank 5","Rank 6","Rank 7","Rank 1","Kia","EV6","Important","Rank 11","Rank 1","Rank 2","Rank 3","Rank 4","Rank 5","Rank 6","Rank 7","Rank 8","Rank 9","Rank 10","I usually stick to a brand I trust.","Availability of local spare parts without waiting months, prompt roadside assistance during highway breakdowns, and fair buyback resale value.","9851140734"
"RESP-1023","08/13/2026, 12:19:46 AM","Below 25","Male","Self-Employed / Freelancer","NPR 50,000–100,000","I plan to purchase one in the next 1–3 years.","Commuting to work/business","SUV","Rank 4","Rank 5","Rank 6","Rank 7","Rank 8","Rank 1","Rank 2","Rank 3","Rank 3","Rank 4","Rank 5","Rank 6","Rank 7","Rank 8","Rank 9","Rank 1","Rank 2","BYD","Rank 1","Rank 2","Rank 3","Rank 4","Rank 5","Rank 6","Rank 7","Rank 8","Rank 9","Rank 10","Yes","Rank 4","Rank 5","Rank 6","Rank 7","Rank 1","Rank 2","Rank 3","BYD","Atto 3","Moderately Important","Rank 5","Rank 6","Rank 7","Rank 8","Rank 9","Rank 10","Rank 11","Rank 1","Rank 2","Rank 3","Rank 4","I am willing to try a new or emerging brand.","Proven safety crash ratings, trusted brand backing with multiple service centers outside Kathmandu (Pokhara, Butwal, Biratnagar, Chitwan).","9801228388"
"RESP-1024","08/14/2026, 01:26:59 AM","45–54","Other / Prefer not to say","Student","Below NPR 50,000","I have owned a four-wheeler in the past.","Long-distance / Highway travel","Hatchback","Rank 7","Rank 8","Rank 1","Rank 2","Rank 3","Rank 4","Rank 5","Rank 6","Rank 5","Rank 6","Rank 7","Rank 8","Rank 9","Rank 1","Rank 2","Rank 3","Rank 4","BYD","Rank 5","Rank 6","Rank 7","Rank 8","Rank 9","Rank 10","Rank 1","Rank 2","Rank 3","Rank 4","Yes","Rank 6","Rank 7","Rank 1","Rank 2","Rank 3","Rank 4","Rank 5","BYD","Dolphin","Slightly Important","Rank 10","Rank 11","Rank 1","Rank 2","Rank 3","Rank 4","Rank 5","Rank 6","Rank 7","Rank 8","Rank 9","I compare several brands before making a decision.","Strong authorized dealer network, transparent service costs, and proven battery thermal management during cold mountain winters and hot Terai summers.","9860316042"
"RESP-1025","08/14/2026, 02:33:12 PM","55 and above","Male","Private Sector Employee","NPR 100,001–200,000","I plan to purchase a four-wheeler within the next 12 months.","Commercial / Business use","Sedan","Rank 2","Rank 3","Rank 4","Rank 5","Rank 6","Rank 7","Rank 8","Rank 1","Rank 7","Rank 8","Rank 9","Rank 1","Rank 2","Rank 3","Rank 4","Rank 5","Rank 6","BYD","Rank 9","Rank 10","Rank 1","Rank 2","Rank 3","Rank 4","Rank 5","Rank 6","Rank 7","Rank 8","Yes","Rank 1","Rank 2","Rank 3","Rank 4","Rank 5","Rank 6","Rank 7","BYD","Seal","Very Important","Rank 4","Rank 5","Rank 6","Rank 7","Rank 8","Rank 9","Rank 10","Rank 11","Rank 1","Rank 2","Rank 3","I choose the brand that offers the best value for money.","Reliable high-voltage battery warranty (8+ years), quick DC fast-charging network on Prithvi and BP highways, and easy availability of certified EV technicians.","9818403696"
"RESP-1026","08/15/2026, 03:40:25 PM","25–34","Female","Business Owner / Entrepreneur","Above NPR 200,000","I currently own a four-wheeler.","Family use","Electric Vehicle (EV)","Rank 5","Rank 6","Rank 7","Rank 8","Rank 1","Rank 2","Rank 3","Rank 4","Rank 9","Rank 1","Rank 2","Rank 3","Rank 4","Rank 5","Rank 6","Rank 7","Rank 8","Tata","Rank 3","Rank 4","Rank 5","Rank 6","Rank 7","Rank 8","Rank 9","Rank 10","Rank 1","Rank 2","Yes","Rank 3","Rank 4","Rank 5","Rank 6","Rank 7","Rank 1","Rank 2","Tata","Nexon.ev","Important","Rank 9","Rank 10","Rank 11","Rank 1","Rank 2","Rank 3","Rank 4","Rank 5","Rank 6","Rank 7","Rank 8","I usually stick to a brand I trust.","Low electricity cost per km compared to petrol, transparent pricing from authorized distributors (like CG Motors, Sipradi), and consistent software updates.","9843491350"
"RESP-1027","08/16/2026, 03:47:38 PM","35–44","Male","Professional (e.g., Doctor, Engineer, Lawyer, Consultant)","NPR 50,000–100,000","I plan to purchase one in the next 1–3 years.","Personal transportation","Compact SUV","Rank 8","Rank 1","Rank 2","Rank 3","Rank 4","Rank 5","Rank 6","Rank 7","Rank 2","Rank 3","Rank 4","Rank 5","Rank 6","Rank 7","Rank 8","Rank 9","Rank 1","Tata","Rank 7","Rank 8","Rank 9","Rank 10","Rank 1","Rank 2","Rank 3","Rank 4","Rank 5","Rank 6","Yes","Rank 5","Rank 6","Rank 7","Rank 1","Rank 2","Rank 3","Rank 4","Tata","Tiago.ev","Moderately Important","Rank 3","Rank 4","Rank 5","Rank 6","Rank 7","Rank 8","Rank 9","Rank 10","Rank 11","Rank 1","Rank 2","I am willing to try a new or emerging brand.","Good ground clearance for Nepal's hilly roads, strong regenerative braking, and solid customer service responsiveness.","9851579004"
"RESP-1028","08/17/2026, 04:54:51 PM","Below 25","Male","Government Employee","Below NPR 50,000","I have owned a four-wheeler in the past.","Commuting to work/business","SUV","Rank 3","Rank 4","Rank 5","Rank 6","Rank 7","Rank 8","Rank 1","Rank 2","Rank 4","Rank 5","Rank 6","Rank 7","Rank 8","Rank 9","Rank 1","Rank 2","Rank 3","Tata","Rank 1","Rank 2","Rank 3","Rank 4","Rank 5","Rank 6","Rank 7","Rank 8","Rank 9","Rank 10","Yes","Rank 7","Rank 1","Rank 2","Rank 3","Rank 4","Rank 5","Rank 6","Tata","Punch.ev","Slightly Important","Rank 8","Rank 9","Rank 10","Rank 11","Rank 1","Rank 2","Rank 3","Rank 4","Rank 5","Rank 6","Rank 7","I compare several brands before making a decision.","Availability of local spare parts without waiting months, prompt roadside assistance during highway breakdowns, and fair buyback resale value.","9802666658"
"RESP-1029","08/18/2026, 06:01:04 PM","45–54","Male","Self-Employed / Freelancer","NPR 100,001–200,000","I plan to purchase a four-wheeler within the next 12 months.","Long-distance / Highway travel","Hatchback","Rank 6","Rank 7","Rank 8","Rank 1","Rank 2","Rank 3","Rank 4","Rank 5","Rank 6","Rank 7","Rank 8","Rank 9","Rank 1","Rank 2","Rank 3","Rank 4","Rank 5","MG","Rank 5","Rank 6","Rank 7","Rank 8","Rank 9","Rank 10","Rank 1","Rank 2","Rank 3","Rank 4","Yes","Rank 2","Rank 3","Rank 4","Rank 5","Rank 6","Rank 7","Rank 1","MG","ZS EV","Very Important","Rank 2","Rank 3","Rank 4","Rank 5","Rank 6","Rank 7","Rank 8","Rank 9","Rank 10","Rank 11","Rank 1","I choose the brand that offers the best value for money.","Proven safety crash ratings, trusted brand backing with multiple service centers outside Kathmandu (Pokhara, Butwal, Biratnagar, Chitwan).","9861754312"
"RESP-1030","08/19/2026, 07:08:17 PM","55 and above","Male","Student","Above NPR 200,000","I currently own a four-wheeler.","Commercial / Business use","Sedan","Rank 1","Rank 2","Rank 3","Rank 4","Rank 5","Rank 6","Rank 7","Rank 8","Rank 8","Rank 9","Rank 1","Rank 2","Rank 3","Rank 4","Rank 5","Rank 6","Rank 7","MG","Rank 9","Rank 10","Rank 1","Rank 2","Rank 3","Rank 4","Rank 5","Rank 6","Rank 7","Rank 8","Yes","Rank 4","Rank 5","Rank 6","Rank 7","Rank 1","Rank 2","Rank 3","MG","Comet EV","Important","Rank 7","Rank 8","Rank 9","Rank 10","Rank 11","Rank 1","Rank 2","Rank 3","Rank 4","Rank 5","Rank 6","I usually stick to a brand I trust.","Strong authorized dealer network, transparent service costs, and proven battery thermal management during cold mountain winters and hot Terai summers.","9849841966"
"RESP-1031","08/10/2026, 08:15:30 PM","25–34","Female","Private Sector Employee","NPR 50,000–100,000","I plan to purchase one in the next 1–3 years.","Family use","Electric Vehicle (EV)","Rank 4","Rank 5","Rank 6","Rank 7","Rank 8","Rank 1","Rank 2","Rank 3","Rank 1","Rank 2","Rank 3","Rank 4","Rank 5","Rank 6","Rank 7","Rank 8","Rank 9","Hyundai","Rank 3","Rank 4","Rank 5","Rank 6","Rank 7","Rank 8","Rank 9","Rank 10","Rank 1","Rank 2","Yes","Rank 6","Rank 7","Rank 1","Rank 2","Rank 3","Rank 4","Rank 5","Hyundai","Ioniq 5","Moderately Important","Rank 1","Rank 2","Rank 3","Rank 4","Rank 5","Rank 6","Rank 7","Rank 8","Rank 9","Rank 10","Rank 11","I am willing to try a new or emerging brand.","Reliable high-voltage battery warranty (8+ years), quick DC fast-charging network on Prithvi and BP highways, and easy availability of certified EV technicians.","9841929620"
"RESP-1032","08/11/2026, 09:22:43 PM","35–44","Male","Business Owner / Entrepreneur","Below NPR 50,000","I have owned a four-wheeler in the past.","Personal transportation","Compact SUV","Rank 7","Rank 8","Rank 1","Rank 2","Rank 3","Rank 4","Rank 5","Rank 6","Rank 3","Rank 4","Rank 5","Rank 6","Rank 7","Rank 8","Rank 9","Rank 1","Rank 2","Hyundai","Rank 7","Rank 8","Rank 9","Rank 10","Rank 1","Rank 2","Rank 3","Rank 4","Rank 5","Rank 6","Yes","Rank 1","Rank 2","Rank 3","Rank 4","Rank 5","Rank 6","Rank 7","Hyundai","Kona Electric","Slightly Important","Rank 6","Rank 7","Rank 8","Rank 9","Rank 10","Rank 11","Rank 1","Rank 2","Rank 3","Rank 4","Rank 5","I compare several brands before making a decision.","Low electricity cost per km compared to petrol, transparent pricing from authorized distributors (like CG Motors, Sipradi), and consistent software updates.","9851117274"
"RESP-1033","08/12/2026, 10:29:56 PM","Below 25","Male","Professional (e.g., Doctor, Engineer, Lawyer, Consultant)","NPR 100,001–200,000","I plan to purchase a four-wheeler within the next 12 months.","Commuting to work/business","SUV","Rank 2","Rank 3","Rank 4","Rank 5","Rank 6","Rank 7","Rank 8","Rank 1","Rank 5","Rank 6","Rank 7","Rank 8","Rank 9","Rank 1","Rank 2","Rank 3","Rank 4","Kia","Rank 1","Rank 2","Rank 3","Rank 4","Rank 5","Rank 6","Rank 7","Rank 8","Rank 9","Rank 10","Yes","Rank 3","Rank 4","Rank 5","Rank 6","Rank 7","Rank 1","Rank 2","Kia","EV6","Very Important","Rank 11","Rank 1","Rank 2","Rank 3","Rank 4","Rank 5","Rank 6","Rank 7","Rank 8","Rank 9","Rank 10","I choose the brand that offers the best value for money.","Good ground clearance for Nepal's hilly roads, strong regenerative braking, and solid customer service responsiveness.","9801204928"
"RESP-1034","08/13/2026, 11:36:09 PM","45–54","Male","Government Employee","Above NPR 200,000","I currently own a four-wheeler.","Long-distance / Highway travel","Hatchback","Rank 5","Rank 6","Rank 7","Rank 8","Rank 1","Rank 2","Rank 3","Rank 4","Rank 7","Rank 8","Rank 9","Rank 1","Rank 2","Rank 3","Rank 4","Rank 5","Rank 6","BYD","Rank 5","Rank 6","Rank 7","Rank 8","Rank 9","Rank 10","Rank 1","Rank 2","Rank 3","Rank 4","Yes","Rank 5","Rank 6","Rank 7","Rank 1","Rank 2","Rank 3","Rank 4","BYD","Atto 3","Important","Rank 5","Rank 6","Rank 7","Rank 8","Rank 9","Rank 10","Rank 11","Rank 1","Rank 2","Rank 3","Rank 4","I usually stick to a brand I trust.","Availability of local spare parts without waiting months, prompt roadside assistance during highway breakdowns, and fair buyback resale value.","9860292582"
"RESP-1035","08/15/2026, 12:43:22 AM","55 and above","Male","Self-Employed / Freelancer","NPR 50,000–100,000","I plan to purchase one in the next 1–3 years.","Commercial / Business use","Sedan","Rank 8","Rank 1","Rank 2","Rank 3","Rank 4","Rank 5","Rank 6","Rank 7","Rank 9","Rank 1","Rank 2","Rank 3","Rank 4","Rank 5","Rank 6","Rank 7","Rank 8","BYD","Rank 9","Rank 10","Rank 1","Rank 2","Rank 3","Rank 4","Rank 5","Rank 6","Rank 7","Rank 8","Yes","Rank 7","Rank 1","Rank 2","Rank 3","Rank 4","Rank 5","Rank 6","BYD","Dolphin","Moderately Important","Rank 10","Rank 11","Rank 1","Rank 2","Rank 3","Rank 4","Rank 5","Rank 6","Rank 7","Rank 8","Rank 9","I am willing to try a new or emerging brand.","Proven safety crash ratings, trusted brand backing with multiple service centers outside Kathmandu (Pokhara, Butwal, Biratnagar, Chitwan).","9818380236"
"RESP-1036","08/16/2026, 12:50:35 AM","25–34","Female","Student","Below NPR 50,000","I have owned a four-wheeler in the past.","Family use","Electric Vehicle (EV)","Rank 3","Rank 4","Rank 5","Rank 6","Rank 7","Rank 8","Rank 1","Rank 2","Rank 2","Rank 3","Rank 4","Rank 5","Rank 6","Rank 7","Rank 8","Rank 9","Rank 1","BYD","Rank 3","Rank 4","Rank 5","Rank 6","Rank 7","Rank 8","Rank 9","Rank 10","Rank 1","Rank 2","Yes","Rank 2","Rank 3","Rank 4","Rank 5","Rank 6","Rank 7","Rank 1","BYD","Seal","Slightly Important","Rank 4","Rank 5","Rank 6","Rank 7","Rank 8","Rank 9","Rank 10","Rank 11","Rank 1","Rank 2","Rank 3","I compare several brands before making a decision.","Strong authorized dealer network, transparent service costs, and proven battery thermal management during cold mountain winters and hot Terai summers.","9843467890"
"RESP-1037","08/16/2026, 01:57:48 PM","35–44","Male","Private Sector Employee","NPR 100,001–200,000","I plan to purchase a four-wheeler within the next 12 months.","Personal transportation","Compact SUV","Rank 6","Rank 7","Rank 8","Rank 1","Rank 2","Rank 3","Rank 4","Rank 5","Rank 4","Rank 5","Rank 6","Rank 7","Rank 8","Rank 9","Rank 1","Rank 2","Rank 3","Tata","Rank 7","Rank 8","Rank 9","Rank 10","Rank 1","Rank 2","Rank 3","Rank 4","Rank 5","Rank 6","Yes","Rank 4","Rank 5","Rank 6","Rank 7","Rank 1","Rank 2","Rank 3","Tata","Nexon.ev","Very Important","Rank 9","Rank 10","Rank 11","Rank 1","Rank 2","Rank 3","Rank 4","Rank 5","Rank 6","Rank 7","Rank 8","I choose the brand that offers the best value for money.","Reliable high-voltage battery warranty (8+ years), quick DC fast-charging network on Prithvi and BP highways, and easy availability of certified EV technicians.","9851555544"
"RESP-1038","08/17/2026, 03:04:01 PM","Below 25","Male","Business Owner / Entrepreneur","Above NPR 200,000","I currently own a four-wheeler.","Commuting to work/business","SUV","Rank 1","Rank 2","Rank 3","Rank 4","Rank 5","Rank 6","Rank 7","Rank 8","Rank 6","Rank 7","Rank 8","Rank 9","Rank 1","Rank 2","Rank 3","Rank 4","Rank 5","Tata","Rank 1","Rank 2","Rank 3","Rank 4","Rank 5","Rank 6","Rank 7","Rank 8","Rank 9","Rank 10","Yes","Rank 6","Rank 7","Rank 1","Rank 2","Rank 3","Rank 4","Rank 5","Tata","Tiago.ev","Important","Rank 3","Rank 4","Rank 5","Rank 6","Rank 7","Rank 8","Rank 9","Rank 10","Rank 11","Rank 1","Rank 2","I usually stick to a brand I trust.","Low electricity cost per km compared to petrol, transparent pricing from authorized distributors (like CG Motors, Sipradi), and consistent software updates.","9802643198"
"RESP-1039","08/18/2026, 04:11:14 PM","45–54","Male","Professional (e.g., Doctor, Engineer, Lawyer, Consultant)","NPR 50,000–100,000","I plan to purchase one in the next 1–3 years.","Long-distance / Highway travel","Hatchback","Rank 4","Rank 5","Rank 6","Rank 7","Rank 8","Rank 1","Rank 2","Rank 3","Rank 8","Rank 9","Rank 1","Rank 2","Rank 3","Rank 4","Rank 5","Rank 6","Rank 7","Tata","Rank 5","Rank 6","Rank 7","Rank 8","Rank 9","Rank 10","Rank 1","Rank 2","Rank 3","Rank 4","Yes","Rank 1","Rank 2","Rank 3","Rank 4","Rank 5","Rank 6","Rank 7","Tata","Punch.ev","Moderately Important","Rank 8","Rank 9","Rank 10","Rank 11","Rank 1","Rank 2","Rank 3","Rank 4","Rank 5","Rank 6","Rank 7","I am willing to try a new or emerging brand.","Good ground clearance for Nepal's hilly roads, strong regenerative braking, and solid customer service responsiveness.","9861730852"
"RESP-1040","08/19/2026, 05:18:27 PM","55 and above","Male","Government Employee","Below NPR 50,000","I have owned a four-wheeler in the past.","Commercial / Business use","Sedan","Rank 7","Rank 8","Rank 1","Rank 2","Rank 3","Rank 4","Rank 5","Rank 6","Rank 1","Rank 2","Rank 3","Rank 4","Rank 5","Rank 6","Rank 7","Rank 8","Rank 9","MG","Rank 9","Rank 10","Rank 1","Rank 2","Rank 3","Rank 4","Rank 5","Rank 6","Rank 7","Rank 8","Yes","Rank 3","Rank 4","Rank 5","Rank 6","Rank 7","Rank 1","Rank 2","MG","ZS EV","Slightly Important","Rank 2","Rank 3","Rank 4","Rank 5","Rank 6","Rank 7","Rank 8","Rank 9","Rank 10","Rank 11","Rank 1","I compare several brands before making a decision.","Availability of local spare parts without waiting months, prompt roadside assistance during highway breakdowns, and fair buyback resale value.","9849818506"
"RESP-1041","08/10/2026, 06:25:40 PM","25–34","Female","Self-Employed / Freelancer","NPR 100,001–200,000","I plan to purchase a four-wheeler within the next 12 months.","Family use","Electric Vehicle (EV)","Rank 2","Rank 3","Rank 4","Rank 5","Rank 6","Rank 7","Rank 8","Rank 1","Rank 3","Rank 4","Rank 5","Rank 6","Rank 7","Rank 8","Rank 9","Rank 1","Rank 2","MG","Rank 3","Rank 4","Rank 5","Rank 6","Rank 7","Rank 8","Rank 9","Rank 10","Rank 1","Rank 2","Yes","Rank 5","Rank 6","Rank 7","Rank 1","Rank 2","Rank 3","Rank 4","MG","Comet EV","Very Important","Rank 7","Rank 8","Rank 9","Rank 10","Rank 11","Rank 1","Rank 2","Rank 3","Rank 4","Rank 5","Rank 6","I choose the brand that offers the best value for money.","Proven safety crash ratings, trusted brand backing with multiple service centers outside Kathmandu (Pokhara, Butwal, Biratnagar, Chitwan).","9841906160"
"RESP-1042","08/11/2026, 07:32:53 PM","35–44","Male","Student","Above NPR 200,000","I currently own a four-wheeler.","Personal transportation","Compact SUV","Rank 5","Rank 6","Rank 7","Rank 8","Rank 1","Rank 2","Rank 3","Rank 4","Rank 5","Rank 6","Rank 7","Rank 8","Rank 9","Rank 1","Rank 2","Rank 3","Rank 4","Hyundai","Rank 7","Rank 8","Rank 9","Rank 10","Rank 1","Rank 2","Rank 3","Rank 4","Rank 5","Rank 6","Yes","Rank 7","Rank 1","Rank 2","Rank 3","Rank 4","Rank 5","Rank 6","Hyundai","Ioniq 5","Important","Rank 1","Rank 2","Rank 3","Rank 4","Rank 5","Rank 6","Rank 7","Rank 8","Rank 9","Rank 10","Rank 11","I usually stick to a brand I trust.","Strong authorized dealer network, transparent service costs, and proven battery thermal management during cold mountain winters and hot Terai summers.","9851993814"
"RESP-1043","08/12/2026, 08:39:06 PM","Below 25","Male","Private Sector Employee","NPR 50,000–100,000","I plan to purchase one in the next 1–3 years.","Commuting to work/business","SUV","Rank 8","Rank 1","Rank 2","Rank 3","Rank 4","Rank 5","Rank 6","Rank 7","Rank 7","Rank 8","Rank 9","Rank 1","Rank 2","Rank 3","Rank 4","Rank 5","Rank 6","Hyundai","Rank 1","Rank 2","Rank 3","Rank 4","Rank 5","Rank 6","Rank 7","Rank 8","Rank 9","Rank 10","Yes","Rank 2","Rank 3","Rank 4","Rank 5","Rank 6","Rank 7","Rank 1","Hyundai","Kona Electric","Moderately Important","Rank 6","Rank 7","Rank 8","Rank 9","Rank 10","Rank 11","Rank 1","Rank 2","Rank 3","Rank 4","Rank 5","I am willing to try a new or emerging brand.","Reliable high-voltage battery warranty (8+ years), quick DC fast-charging network on Prithvi and BP highways, and easy availability of certified EV technicians.","9801181468"
"RESP-1044","08/13/2026, 08:46:19 PM","45–54","Male","Business Owner / Entrepreneur","Below NPR 50,000","I have owned a four-wheeler in the past.","Long-distance / Highway travel","Hatchback","Rank 3","Rank 4","Rank 5","Rank 6","Rank 7","Rank 8","Rank 1","Rank 2","Rank 9","Rank 1","Rank 2","Rank 3","Rank 4","Rank 5","Rank 6","Rank 7","Rank 8","Kia","Rank 5","Rank 6","Rank 7","Rank 8","Rank 9","Rank 10","Rank 1","Rank 2","Rank 3","Rank 4","Yes","Rank 4","Rank 5","Rank 6","Rank 7","Rank 1","Rank 2","Rank 3","Kia","EV6","Slightly Important","Rank 11","Rank 1","Rank 2","Rank 3","Rank 4","Rank 5","Rank 6","Rank 7","Rank 8","Rank 9","Rank 10","I compare several brands before making a decision.","Low electricity cost per km compared to petrol, transparent pricing from authorized distributors (like CG Motors, Sipradi), and consistent software updates.","9860269122"
"RESP-1045","08/14/2026, 09:53:32 PM","55 and above","Male","Professional (e.g., Doctor, Engineer, Lawyer, Consultant)","NPR 100,001–200,000","I plan to purchase a four-wheeler within the next 12 months.","Commercial / Business use","Sedan","Rank 6","Rank 7","Rank 8","Rank 1","Rank 2","Rank 3","Rank 4","Rank 5","Rank 2","Rank 3","Rank 4","Rank 5","Rank 6","Rank 7","Rank 8","Rank 9","Rank 1","BYD","Rank 9","Rank 10","Rank 1","Rank 2","Rank 3","Rank 4","Rank 5","Rank 6","Rank 7","Rank 8","Yes","Rank 6","Rank 7","Rank 1","Rank 2","Rank 3","Rank 4","Rank 5","BYD","Atto 3","Very Important","Rank 5","Rank 6","Rank 7","Rank 8","Rank 9","Rank 10","Rank 11","Rank 1","Rank 2","Rank 3","Rank 4","I choose the brand that offers the best value for money.","Good ground clearance for Nepal's hilly roads, strong regenerative braking, and solid customer service responsiveness.","9818356776"
"RESP-1046","08/15/2026, 11:00:45 PM","25–34","Female","Government Employee","NPR 50,000–100,000","I currently own a four-wheeler.","Family use","SUV","Rank 1","Rank 2","Rank 3","Rank 4","Rank 5","Rank 6","Rank 7","Rank 8","Rank 4","Rank 5","Rank 6","Rank 7","Rank 8","Rank 9","Rank 1","Rank 2","Rank 3","Kia","Rank 3","Rank 4","Rank 5","Rank 6","Rank 7","Rank 8","Rank 9","Rank 10","Rank 1","Rank 2","No","N/A","N/A","N/A","N/A","N/A","N/A","N/A","Kia","Seltos","Important","Rank 10","Rank 11","Rank 1","Rank 2","Rank 3","Rank 4","Rank 5","Rank 6","Rank 7","Rank 8","Rank 9","I choose the brand that offers the best value for money.","Strong authorized service network in every major district, affordable maintenance, and robust suspension for off-road Himalayan terrain.","9843444430"
"RESP-1047","08/17/2026, 12:07:58 AM","35–44","Other / Prefer not to say","Self-Employed / Freelancer","Below NPR 50,000","I plan to purchase one in the next 1–3 years.","Personal transportation","Hatchback","Rank 4","Rank 5","Rank 6","Rank 7","Rank 8","Rank 1","Rank 2","Rank 3","Rank 6","Rank 7","Rank 8","Rank 9","Rank 1","Rank 2","Rank 3","Rank 4","Rank 5","Kia","Rank 7","Rank 8","Rank 9","Rank 10","Rank 1","Rank 2","Rank 3","Rank 4","Rank 5","Rank 6","No","N/A","N/A","N/A","N/A","N/A","N/A","N/A","Kia","Sonet","Moderately Important","Rank 4","Rank 5","Rank 6","Rank 7","Rank 8","Rank 9","Rank 10","Rank 11","Rank 1","Rank 2","Rank 3","I usually stick to a brand I trust.","Trustworthy distributor reputation, timely recall/warranty support, and sturdy build quality that lasts over 10-15 years.","9851532084"
"RESP-1048","08/18/2026, 01:14:11 AM","Below 25","Male","Student","NPR 100,001–200,000","I have owned a four-wheeler in the past.","Commuting to work/business","Compact SUV","Rank 7","Rank 8","Rank 1","Rank 2","Rank 3","Rank 4","Rank 5","Rank 6","Rank 8","Rank 9","Rank 1","Rank 2","Rank 3","Rank 4","Rank 5","Rank 6","Rank 7","Mahindra","Rank 1","Rank 2","Rank 3","Rank 4","Rank 5","Rank 6","Rank 7","Rank 8","Rank 9","Rank 10","No","N/A","N/A","N/A","N/A","N/A","N/A","N/A","Mahindra","Scorpio-N","Slightly Important","Rank 9","Rank 10","Rank 11","Rank 1","Rank 2","Rank 3","Rank 4","Rank 5","Rank 6","Rank 7","Rank 8","I am willing to try a new or emerging brand.","Immediate parts availability, reliable after-sales service, and high market demand during resale.","9802619738"
"RESP-1049","08/18/2026, 02:21:24 PM","45–54","Male","Private Sector Employee","Above NPR 200,000","I plan to purchase a four-wheeler within the next 12 months.","Long-distance / Highway travel","Pickup","Rank 2","Rank 3","Rank 4","Rank 5","Rank 6","Rank 7","Rank 8","Rank 1","Rank 1","Rank 2","Rank 3","Rank 4","Rank 5","Rank 6","Rank 7","Rank 8","Rank 9","Mahindra","Rank 5","Rank 6","Rank 7","Rank 8","Rank 9","Rank 10","Rank 1","Rank 2","Rank 3","Rank 4","No","N/A","N/A","N/A","N/A","N/A","N/A","N/A","Mahindra","XUV700","Very Important","Rank 3","Rank 4","Rank 5","Rank 6","Rank 7","Rank 8","Rank 9","Rank 10","Rank 11","Rank 1","Rank 2","I compare several brands before making a decision.","Decades of proven engine reliability, widespread availability of genuine spare parts in local garages across Nepal, and high resale value.","9861707392"
"RESP-1050","08/19/2026, 03:28:37 PM","55 and above","Male","Business Owner / Entrepreneur","NPR 50,000–100,000","I currently own a four-wheeler.","Commercial / Business use","Sedan","Rank 5","Rank 6","Rank 7","Rank 8","Rank 1","Rank 2","Rank 3","Rank 4","Rank 3","Rank 4","Rank 5","Rank 6","Rank 7","Rank 8","Rank 9","Rank 1","Rank 2","Nissan","Rank 9","Rank 10","Rank 1","Rank 2","Rank 3","Rank 4","Rank 5","Rank 6","Rank 7","Rank 8","No","N/A","N/A","N/A","N/A","N/A","N/A","N/A","Nissan","Magnite","Important","Rank 8","Rank 9","Rank 10","Rank 11","Rank 1","Rank 2","Rank 3","Rank 4","Rank 5","Rank 6","Rank 7","I choose the brand that offers the best value for money.","Strong authorized service network in every major district, affordable maintenance, and robust suspension for off-road Himalayan terrain.","9849795046"
"RESP-1051","08/10/2026, 04:35:50 PM","25–34","Female","Professional (e.g., Doctor, Engineer, Lawyer, Consultant)","Below NPR 50,000","I plan to purchase one in the next 1–3 years.","Family use","SUV","Rank 8","Rank 1","Rank 2","Rank 3","Rank 4","Rank 5","Rank 6","Rank 7","Rank 5","Rank 6","Rank 7","Rank 8","Rank 9","Rank 1","Rank 2","Rank 3","Rank 4","Ford","Rank 3","Rank 4","Rank 5","Rank 6","Rank 7","Rank 8","Rank 9","Rank 10","Rank 1","Rank 2","No","N/A","N/A","N/A","N/A","N/A","N/A","N/A","Ford","Everest","Moderately Important","Rank 2","Rank 3","Rank 4","Rank 5","Rank 6","Rank 7","Rank 8","Rank 9","Rank 10","Rank 11","Rank 1","I usually stick to a brand I trust.","Trustworthy distributor reputation, timely recall/warranty support, and sturdy build quality that lasts over 10-15 years.","9841882700"
"RESP-1052","08/11/2026, 05:42:03 PM","35–44","Male","Government Employee","NPR 100,001–200,000","I have owned a four-wheeler in the past.","Personal transportation","Hatchback","Rank 3","Rank 4","Rank 5","Rank 6","Rank 7","Rank 8","Rank 1","Rank 2","Rank 7","Rank 8","Rank 9","Rank 1","Rank 2","Rank 3","Rank 4","Rank 5","Rank 6","Hyundai","Rank 7","Rank 8","Rank 9","Rank 10","Rank 1","Rank 2","Rank 3","Rank 4","Rank 5","Rank 6","No","N/A","N/A","N/A","N/A","N/A","N/A","N/A","Hyundai","Creta","Slightly Important","Rank 7","Rank 8","Rank 9","Rank 10","Rank 11","Rank 1","Rank 2","Rank 3","Rank 4","Rank 5","Rank 6","I am willing to try a new or emerging brand.","Immediate parts availability, reliable after-sales service, and high market demand during resale.","9851970354"
"RESP-1053","08/12/2026, 05:49:16 PM","Below 25","Male","Self-Employed / Freelancer","Above NPR 200,000","I plan to purchase a four-wheeler within the next 12 months.","Commuting to work/business","Compact SUV","Rank 6","Rank 7","Rank 8","Rank 1","Rank 2","Rank 3","Rank 4","Rank 5","Rank 9","Rank 1","Rank 2","Rank 3","Rank 4","Rank 5","Rank 6","Rank 7","Rank 8","Hyundai","Rank 1","Rank 2","Rank 3","Rank 4","Rank 5","Rank 6","Rank 7","Rank 8","Rank 9","Rank 10","No","N/A","N/A","N/A","N/A","N/A","N/A","N/A","Hyundai","Grand i10 Nios","Very Important","Rank 1","Rank 2","Rank 3","Rank 4","Rank 5","Rank 6","Rank 7","Rank 8","Rank 9","Rank 10","Rank 11","I compare several brands before making a decision.","Decades of proven engine reliability, widespread availability of genuine spare parts in local garages across Nepal, and high resale value.","9801158008"
"RESP-1054","08/13/2026, 06:56:29 PM","45–54","Male","Student","NPR 50,000–100,000","I currently own a four-wheeler.","Long-distance / Highway travel","Pickup","Rank 1","Rank 2","Rank 3","Rank 4","Rank 5","Rank 6","Rank 7","Rank 8","Rank 2","Rank 3","Rank 4","Rank 5","Rank 6","Rank 7","Rank 8","Rank 9","Rank 1","Hyundai","Rank 5","Rank 6","Rank 7","Rank 8","Rank 9","Rank 10","Rank 1","Rank 2","Rank 3","Rank 4","No","N/A","N/A","N/A","N/A","N/A","N/A","N/A","Hyundai","Venue","Important","Rank 6","Rank 7","Rank 8","Rank 9","Rank 10","Rank 11","Rank 1","Rank 2","Rank 3","Rank 4","Rank 5","I choose the brand that offers the best value for money.","Strong authorized service network in every major district, affordable maintenance, and robust suspension for off-road Himalayan terrain.","9860245662"
"RESP-1055","08/14/2026, 08:03:42 PM","55 and above","Male","Private Sector Employee","Below NPR 50,000","I plan to purchase one in the next 1–3 years.","Commercial / Business use","Sedan","Rank 4","Rank 5","Rank 6","Rank 7","Rank 8","Rank 1","Rank 2","Rank 3","Rank 4","Rank 5","Rank 6","Rank 7","Rank 8","Rank 9","Rank 1","Rank 2","Rank 3","Suzuki","Rank 9","Rank 10","Rank 1","Rank 2","Rank 3","Rank 4","Rank 5","Rank 6","Rank 7","Rank 8","No","N/A","N/A","N/A","N/A","N/A","N/A","N/A","Suzuki","Brezza","Moderately Important","Rank 11","Rank 1","Rank 2","Rank 3","Rank 4","Rank 5","Rank 6","Rank 7","Rank 8","Rank 9","Rank 10","I usually stick to a brand I trust.","Trustworthy distributor reputation, timely recall/warranty support, and sturdy build quality that lasts over 10-15 years.","9818333316"
"RESP-1056","08/15/2026, 09:10:55 PM","25–34","Female","Business Owner / Entrepreneur","NPR 100,001–200,000","I have owned a four-wheeler in the past.","Family use","SUV","Rank 7","Rank 8","Rank 1","Rank 2","Rank 3","Rank 4","Rank 5","Rank 6","Rank 6","Rank 7","Rank 8","Rank 9","Rank 1","Rank 2","Rank 3","Rank 4","Rank 5","Suzuki","Rank 3","Rank 4","Rank 5","Rank 6","Rank 7","Rank 8","Rank 9","Rank 10","Rank 1","Rank 2","No","N/A","N/A","N/A","N/A","N/A","N/A","N/A","Suzuki","Swift","Slightly Important","Rank 5","Rank 6","Rank 7","Rank 8","Rank 9","Rank 10","Rank 11","Rank 1","Rank 2","Rank 3","Rank 4","I am willing to try a new or emerging brand.","Immediate parts availability, reliable after-sales service, and high market demand during resale.","9843420970"
"RESP-1057","08/16/2026, 10:17:08 PM","35–44","Male","Professional (e.g., Doctor, Engineer, Lawyer, Consultant)","Above NPR 200,000","I plan to purchase a four-wheeler within the next 12 months.","Personal transportation","Hatchback","Rank 2","Rank 3","Rank 4","Rank 5","Rank 6","Rank 7","Rank 8","Rank 1","Rank 8","Rank 9","Rank 1","Rank 2","Rank 3","Rank 4","Rank 5","Rank 6","Rank 7","Suzuki","Rank 7","Rank 8","Rank 9","Rank 10","Rank 1","Rank 2","Rank 3","Rank 4","Rank 5","Rank 6","No","N/A","N/A","N/A","N/A","N/A","N/A","N/A","Suzuki","Grand Vitara","Very Important","Rank 10","Rank 11","Rank 1","Rank 2","Rank 3","Rank 4","Rank 5","Rank 6","Rank 7","Rank 8","Rank 9","I compare several brands before making a decision.","Decades of proven engine reliability, widespread availability of genuine spare parts in local garages across Nepal, and high resale value.","9851508624"
"RESP-1058","08/17/2026, 11:24:21 PM","Below 25","Male","Government Employee","NPR 50,000–100,000","I currently own a four-wheeler.","Commuting to work/business","Compact SUV","Rank 5","Rank 6","Rank 7","Rank 8","Rank 1","Rank 2","Rank 3","Rank 4","Rank 1","Rank 2","Rank 3","Rank 4","Rank 5","Rank 6","Rank 7","Rank 8","Rank 9","Toyota","Rank 1","Rank 2","Rank 3","Rank 4","Rank 5","Rank 6","Rank 7","Rank 8","Rank 9","Rank 10","No","N/A","N/A","N/A","N/A","N/A","N/A","N/A","Toyota","Hilux","Important","Rank 4","Rank 5","Rank 6","Rank 7","Rank 8","Rank 9","Rank 10","Rank 11","Rank 1","Rank 2","Rank 3","I choose the brand that offers the best value for money.","Strong authorized service network in every major district, affordable maintenance, and robust suspension for off-road Himalayan terrain.","9802596278"
"RESP-1059","08/19/2026, 12:31:34 AM","45–54","Male","Self-Employed / Freelancer","Below NPR 50,000","I plan to purchase one in the next 1–3 years.","Long-distance / Highway travel","Pickup","Rank 8","Rank 1","Rank 2","Rank 3","Rank 4","Rank 5","Rank 6","Rank 7","Rank 3","Rank 4","Rank 5","Rank 6","Rank 7","Rank 8","Rank 9","Rank 1","Rank 2","Toyota","Rank 5","Rank 6","Rank 7","Rank 8","Rank 9","Rank 10","Rank 1","Rank 2","Rank 3","Rank 4","No","N/A","N/A","N/A","N/A","N/A","N/A","N/A","Toyota","Corolla Cross","Moderately Important","Rank 9","Rank 10","Rank 11","Rank 1","Rank 2","Rank 3","Rank 4","Rank 5","Rank 6","Rank 7","Rank 8","I usually stick to a brand I trust.","Trustworthy distributor reputation, timely recall/warranty support, and sturdy build quality that lasts over 10-15 years.","9861683932"
"RESP-1060","08/20/2026, 01:38:47 AM","55 and above","Male","Student","NPR 100,001–200,000","I have owned a four-wheeler in the past.","Commercial / Business use","Sedan","Rank 3","Rank 4","Rank 5","Rank 6","Rank 7","Rank 8","Rank 1","Rank 2","Rank 5","Rank 6","Rank 7","Rank 8","Rank 9","Rank 1","Rank 2","Rank 3","Rank 4","Toyota","Rank 9","Rank 10","Rank 1","Rank 2","Rank 3","Rank 4","Rank 5","Rank 6","Rank 7","Rank 8","No","N/A","N/A","N/A","N/A","N/A","N/A","N/A","Toyota","Raize","Slightly Important","Rank 3","Rank 4","Rank 5","Rank 6","Rank 7","Rank 8","Rank 9","Rank 10","Rank 11","Rank 1","Rank 2","I am willing to try a new or emerging brand.","Immediate parts availability, reliable after-sales service, and high market demand during resale.","9849771586"
"RESP-1061","08/10/2026, 01:45:00 PM","25–34","Female","Private Sector Employee","Above NPR 200,000","I plan to purchase a four-wheeler within the next 12 months.","Family use","SUV","Rank 6","Rank 7","Rank 8","Rank 1","Rank 2","Rank 3","Rank 4","Rank 5","Rank 7","Rank 8","Rank 9","Rank 1","Rank 2","Rank 3","Rank 4","Rank 5","Rank 6","Tata","Rank 3","Rank 4","Rank 5","Rank 6","Rank 7","Rank 8","Rank 9","Rank 10","Rank 1","Rank 2","No","N/A","N/A","N/A","N/A","N/A","N/A","N/A","Tata","Harrier","Very Important","Rank 8","Rank 9","Rank 10","Rank 11","Rank 1","Rank 2","Rank 3","Rank 4","Rank 5","Rank 6","Rank 7","I compare several brands before making a decision.","Decades of proven engine reliability, widespread availability of genuine spare parts in local garages across Nepal, and high resale value.","9841859240"
"RESP-1062","08/11/2026, 02:52:13 PM","35–44","Male","Business Owner / Entrepreneur","NPR 50,000–100,000","I currently own a four-wheeler.","Personal transportation","Hatchback","Rank 1","Rank 2","Rank 3","Rank 4","Rank 5","Rank 6","Rank 7","Rank 8","Rank 9","Rank 1","Rank 2","Rank 3","Rank 4","Rank 5","Rank 6","Rank 7","Rank 8","Tata","Rank 7","Rank 8","Rank 9","Rank 10","Rank 1","Rank 2","Rank 3","Rank 4","Rank 5","Rank 6","No","N/A","N/A","N/A","N/A","N/A","N/A","N/A","Tata","Punch (Petrol)","Important","Rank 2","Rank 3","Rank 4","Rank 5","Rank 6","Rank 7","Rank 8","Rank 9","Rank 10","Rank 11","Rank 1","I choose the brand that offers the best value for money.","Strong authorized service network in every major district, affordable maintenance, and robust suspension for off-road Himalayan terrain.","9851946894"
"RESP-1063","08/12/2026, 03:59:26 PM","Below 25","Male","Professional (e.g., Doctor, Engineer, Lawyer, Consultant)","Below NPR 50,000","I plan to purchase one in the next 1–3 years.","Commuting to work/business","Compact SUV","Rank 4","Rank 5","Rank 6","Rank 7","Rank 8","Rank 1","Rank 2","Rank 3","Rank 2","Rank 3","Rank 4","Rank 5","Rank 6","Rank 7","Rank 8","Rank 9","Rank 1","Kia","Rank 1","Rank 2","Rank 3","Rank 4","Rank 5","Rank 6","Rank 7","Rank 8","Rank 9","Rank 10","No","N/A","N/A","N/A","N/A","N/A","N/A","N/A","Kia","Seltos","Moderately Important","Rank 7","Rank 8","Rank 9","Rank 10","Rank 11","Rank 1","Rank 2","Rank 3","Rank 4","Rank 5","Rank 6","I usually stick to a brand I trust.","Trustworthy distributor reputation, timely recall/warranty support, and sturdy build quality that lasts over 10-15 years.","9801134548"
"RESP-1064","08/13/2026, 05:06:39 PM","45–54","Male","Government Employee","NPR 100,001–200,000","I have owned a four-wheeler in the past.","Long-distance / Highway travel","Pickup","Rank 7","Rank 8","Rank 1","Rank 2","Rank 3","Rank 4","Rank 5","Rank 6","Rank 4","Rank 5","Rank 6","Rank 7","Rank 8","Rank 9","Rank 1","Rank 2","Rank 3","Kia","Rank 5","Rank 6","Rank 7","Rank 8","Rank 9","Rank 10","Rank 1","Rank 2","Rank 3","Rank 4","No","N/A","N/A","N/A","N/A","N/A","N/A","N/A","Kia","Sonet","Slightly Important","Rank 1","Rank 2","Rank 3","Rank 4","Rank 5","Rank 6","Rank 7","Rank 8","Rank 9","Rank 10","Rank 11","I am willing to try a new or emerging brand.","Immediate parts availability, reliable after-sales service, and high market demand during resale.","9860222202"
"RESP-1065","08/14/2026, 06:13:52 PM","55 and above","Male","Self-Employed / Freelancer","Above NPR 200,000","I plan to purchase a four-wheeler within the next 12 months.","Commercial / Business use","Sedan","Rank 2","Rank 3","Rank 4","Rank 5","Rank 6","Rank 7","Rank 8","Rank 1","Rank 6","Rank 7","Rank 8","Rank 9","Rank 1","Rank 2","Rank 3","Rank 4","Rank 5","Mahindra","Rank 9","Rank 10","Rank 1","Rank 2","Rank 3","Rank 4","Rank 5","Rank 6","Rank 7","Rank 8","No","N/A","N/A","N/A","N/A","N/A","N/A","N/A","Mahindra","Scorpio-N","Very Important","Rank 6","Rank 7","Rank 8","Rank 9","Rank 10","Rank 11","Rank 1","Rank 2","Rank 3","Rank 4","Rank 5","I compare several brands before making a decision.","Decades of proven engine reliability, widespread availability of genuine spare parts in local garages across Nepal, and high resale value.","9818309856"
"RESP-1066","08/15/2026, 07:20:05 PM","25–34","Female","Student","NPR 50,000–100,000","I currently own a four-wheeler.","Family use","SUV","Rank 5","Rank 6","Rank 7","Rank 8","Rank 1","Rank 2","Rank 3","Rank 4","Rank 8","Rank 9","Rank 1","Rank 2","Rank 3","Rank 4","Rank 5","Rank 6","Rank 7","Mahindra","Rank 3","Rank 4","Rank 5","Rank 6","Rank 7","Rank 8","Rank 9","Rank 10","Rank 1","Rank 2","No","N/A","N/A","N/A","N/A","N/A","N/A","N/A","Mahindra","XUV700","Important","Rank 11","Rank 1","Rank 2","Rank 3","Rank 4","Rank 5","Rank 6","Rank 7","Rank 8","Rank 9","Rank 10","I choose the brand that offers the best value for money.","Strong authorized service network in every major district, affordable maintenance, and robust suspension for off-road Himalayan terrain.","9843397510"
"RESP-1067","08/16/2026, 08:27:18 PM","35–44","Male","Private Sector Employee","Below NPR 50,000","I plan to purchase one in the next 1–3 years.","Personal transportation","Hatchback","Rank 8","Rank 1","Rank 2","Rank 3","Rank 4","Rank 5","Rank 6","Rank 7","Rank 1","Rank 2","Rank 3","Rank 4","Rank 5","Rank 6","Rank 7","Rank 8","Rank 9","Nissan","Rank 7","Rank 8","Rank 9","Rank 10","Rank 1","Rank 2","Rank 3","Rank 4","Rank 5","Rank 6","No","N/A","N/A","N/A","N/A","N/A","N/A","N/A","Nissan","Magnite","Moderately Important","Rank 5","Rank 6","Rank 7","Rank 8","Rank 9","Rank 10","Rank 11","Rank 1","Rank 2","Rank 3","Rank 4","I usually stick to a brand I trust.","Trustworthy distributor reputation, timely recall/warranty support, and sturdy build quality that lasts over 10-15 years.","9851485164"
"RESP-1068","08/17/2026, 09:34:31 PM","Below 25","Male","Business Owner / Entrepreneur","NPR 100,001–200,000","I have owned a four-wheeler in the past.","Commuting to work/business","Compact SUV","Rank 3","Rank 4","Rank 5","Rank 6","Rank 7","Rank 8","Rank 1","Rank 2","Rank 3","Rank 4","Rank 5","Rank 6","Rank 7","Rank 8","Rank 9","Rank 1","Rank 2","Ford","Rank 1","Rank 2","Rank 3","Rank 4","Rank 5","Rank 6","Rank 7","Rank 8","Rank 9","Rank 10","No","N/A","N/A","N/A","N/A","N/A","N/A","N/A","Ford","Everest","Slightly Important","Rank 10","Rank 11","Rank 1","Rank 2","Rank 3","Rank 4","Rank 5","Rank 6","Rank 7","Rank 8","Rank 9","I am willing to try a new or emerging brand.","Immediate parts availability, reliable after-sales service, and high market demand during resale.","9802572818"
"RESP-1069","08/18/2026, 10:41:44 PM","45–54","Male","Professional (e.g., Doctor, Engineer, Lawyer, Consultant)","Above NPR 200,000","I plan to purchase a four-wheeler within the next 12 months.","Long-distance / Highway travel","Pickup","Rank 6","Rank 7","Rank 8","Rank 1","Rank 2","Rank 3","Rank 4","Rank 5","Rank 5","Rank 6","Rank 7","Rank 8","Rank 9","Rank 1","Rank 2","Rank 3","Rank 4","Hyundai","Rank 5","Rank 6","Rank 7","Rank 8","Rank 9","Rank 10","Rank 1","Rank 2","Rank 3","Rank 4","No","N/A","N/A","N/A","N/A","N/A","N/A","N/A","Hyundai","Creta","Very Important","Rank 4","Rank 5","Rank 6","Rank 7","Rank 8","Rank 9","Rank 10","Rank 11","Rank 1","Rank 2","Rank 3","I compare several brands before making a decision.","Decades of proven engine reliability, widespread availability of genuine spare parts in local garages across Nepal, and high resale value.","9861660472"
"RESP-1070","08/19/2026, 10:48:57 PM","55 and above","Other / Prefer not to say","Government Employee","NPR 50,000–100,000","I currently own a four-wheeler.","Commercial / Business use","Sedan","Rank 1","Rank 2","Rank 3","Rank 4","Rank 5","Rank 6","Rank 7","Rank 8","Rank 7","Rank 8","Rank 9","Rank 1","Rank 2","Rank 3","Rank 4","Rank 5","Rank 6","Hyundai","Rank 9","Rank 10","Rank 1","Rank 2","Rank 3","Rank 4","Rank 5","Rank 6","Rank 7","Rank 8","No","N/A","N/A","N/A","N/A","N/A","N/A","N/A","Hyundai","Grand i10 Nios","Important","Rank 9","Rank 10","Rank 11","Rank 1","Rank 2","Rank 3","Rank 4","Rank 5","Rank 6","Rank 7","Rank 8","I choose the brand that offers the best value for money.","Strong authorized service network in every major district, affordable maintenance, and robust suspension for off-road Himalayan terrain.","9849748126"
"RESP-1071","08/10/2026, 11:55:10 PM","25–34","Female","Self-Employed / Freelancer","Below NPR 50,000","I plan to purchase one in the next 1–3 years.","Family use","SUV","Rank 4","Rank 5","Rank 6","Rank 7","Rank 8","Rank 1","Rank 2","Rank 3","Rank 9","Rank 1","Rank 2","Rank 3","Rank 4","Rank 5","Rank 6","Rank 7","Rank 8","Hyundai","Rank 3","Rank 4","Rank 5","Rank 6","Rank 7","Rank 8","Rank 9","Rank 10","Rank 1","Rank 2","No","N/A","N/A","N/A","N/A","N/A","N/A","N/A","Hyundai","Venue","Moderately Important","Rank 3","Rank 4","Rank 5","Rank 6","Rank 7","Rank 8","Rank 9","Rank 10","Rank 11","Rank 1","Rank 2","I usually stick to a brand I trust.","Trustworthy distributor reputation, timely recall/warranty support, and sturdy build quality that lasts over 10-15 years.","9841835780"
"RESP-1072","08/12/2026, 01:02:23 AM","35–44","Male","Student","NPR 100,001–200,000","I have owned a four-wheeler in the past.","Personal transportation","Hatchback","Rank 7","Rank 8","Rank 1","Rank 2","Rank 3","Rank 4","Rank 5","Rank 6","Rank 2","Rank 3","Rank 4","Rank 5","Rank 6","Rank 7","Rank 8","Rank 9","Rank 1","Suzuki","Rank 7","Rank 8","Rank 9","Rank 10","Rank 1","Rank 2","Rank 3","Rank 4","Rank 5","Rank 6","No","N/A","N/A","N/A","N/A","N/A","N/A","N/A","Suzuki","Brezza","Slightly Important","Rank 8","Rank 9","Rank 10","Rank 11","Rank 1","Rank 2","Rank 3","Rank 4","Rank 5","Rank 6","Rank 7","I am willing to try a new or emerging brand.","Immediate parts availability, reliable after-sales service, and high market demand during resale.","9851923434"
"RESP-1073","08/12/2026, 02:09:36 PM","Below 25","Male","Private Sector Employee","Above NPR 200,000","I plan to purchase a four-wheeler within the next 12 months.","Commuting to work/business","Compact SUV","Rank 2","Rank 3","Rank 4","Rank 5","Rank 6","Rank 7","Rank 8","Rank 1","Rank 4","Rank 5","Rank 6","Rank 7","Rank 8","Rank 9","Rank 1","Rank 2","Rank 3","Suzuki","Rank 1","Rank 2","Rank 3","Rank 4","Rank 5","Rank 6","Rank 7","Rank 8","Rank 9","Rank 10","No","N/A","N/A","N/A","N/A","N/A","N/A","N/A","Suzuki","Swift","Very Important","Rank 2","Rank 3","Rank 4","Rank 5","Rank 6","Rank 7","Rank 8","Rank 9","Rank 10","Rank 11","Rank 1","I compare several brands before making a decision.","Decades of proven engine reliability, widespread availability of genuine spare parts in local garages across Nepal, and high resale value.","9801111088"
"RESP-1074","08/13/2026, 03:16:49 PM","45–54","Male","Business Owner / Entrepreneur","NPR 50,000–100,000","I currently own a four-wheeler.","Long-distance / Highway travel","Pickup","Rank 5","Rank 6","Rank 7","Rank 8","Rank 1","Rank 2","Rank 3","Rank 4","Rank 6","Rank 7","Rank 8","Rank 9","Rank 1","Rank 2","Rank 3","Rank 4","Rank 5","Suzuki","Rank 5","Rank 6","Rank 7","Rank 8","Rank 9","Rank 10","Rank 1","Rank 2","Rank 3","Rank 4","No","N/A","N/A","N/A","N/A","N/A","N/A","N/A","Suzuki","Grand Vitara","Important","Rank 7","Rank 8","Rank 9","Rank 10","Rank 11","Rank 1","Rank 2","Rank 3","Rank 4","Rank 5","Rank 6","I choose the brand that offers the best value for money.","Strong authorized service network in every major district, affordable maintenance, and robust suspension for off-road Himalayan terrain.","9860198742"
"RESP-1075","08/14/2026, 04:23:02 PM","55 and above","Male","Professional (e.g., Doctor, Engineer, Lawyer, Consultant)","Below NPR 50,000","I plan to purchase one in the next 1–3 years.","Commercial / Business use","Sedan","Rank 8","Rank 1","Rank 2","Rank 3","Rank 4","Rank 5","Rank 6","Rank 7","Rank 8","Rank 9","Rank 1","Rank 2","Rank 3","Rank 4","Rank 5","Rank 6","Rank 7","Toyota","Rank 9","Rank 10","Rank 1","Rank 2","Rank 3","Rank 4","Rank 5","Rank 6","Rank 7","Rank 8","No","N/A","N/A","N/A","N/A","N/A","N/A","N/A","Toyota","Hilux","Moderately Important","Rank 1","Rank 2","Rank 3","Rank 4","Rank 5","Rank 6","Rank 7","Rank 8","Rank 9","Rank 10","Rank 11","I usually stick to a brand I trust.","Trustworthy distributor reputation, timely recall/warranty support, and sturdy build quality that lasts over 10-15 years.","9818286396"
"RESP-1076","08/15/2026, 05:30:15 PM","25–34","Female","Government Employee","NPR 100,001–200,000","I have owned a four-wheeler in the past.","Family use","SUV","Rank 3","Rank 4","Rank 5","Rank 6","Rank 7","Rank 8","Rank 1","Rank 2","Rank 1","Rank 2","Rank 3","Rank 4","Rank 5","Rank 6","Rank 7","Rank 8","Rank 9","Toyota","Rank 3","Rank 4","Rank 5","Rank 6","Rank 7","Rank 8","Rank 9","Rank 10","Rank 1","Rank 2","No","N/A","N/A","N/A","N/A","N/A","N/A","N/A","Toyota","Corolla Cross","Slightly Important","Rank 6","Rank 7","Rank 8","Rank 9","Rank 10","Rank 11","Rank 1","Rank 2","Rank 3","Rank 4","Rank 5","I am willing to try a new or emerging brand.","Immediate parts availability, reliable after-sales service, and high market demand during resale.","9843374050"
"RESP-1077","08/16/2026, 06:37:28 PM","35–44","Male","Self-Employed / Freelancer","Above NPR 200,000","I plan to purchase a four-wheeler within the next 12 months.","Personal transportation","Hatchback","Rank 6","Rank 7","Rank 8","Rank 1","Rank 2","Rank 3","Rank 4","Rank 5","Rank 3","Rank 4","Rank 5","Rank 6","Rank 7","Rank 8","Rank 9","Rank 1","Rank 2","Toyota","Rank 7","Rank 8","Rank 9","Rank 10","Rank 1","Rank 2","Rank 3","Rank 4","Rank 5","Rank 6","No","N/A","N/A","N/A","N/A","N/A","N/A","N/A","Toyota","Raize","Very Important","Rank 11","Rank 1","Rank 2","Rank 3","Rank 4","Rank 5","Rank 6","Rank 7","Rank 8","Rank 9","Rank 10","I compare several brands before making a decision.","Decades of proven engine reliability, widespread availability of genuine spare parts in local garages across Nepal, and high resale value.","9851461704"